date,bidopen,bidclose,bidhigh,bidlow,askopen,askclose,askhigh,asklow,tickqty
2019-11-25 01:00:00,1.28509,1.28422,1.28554,1.28404,1.28524,1.28438,1.28569,1.28418,11842
2019-11-25 04:00:00,1.28422,1.28562,1.28566,1.28416,1.28438,1.28577,1.28581,1.28431,12980
2019-11-25 07:00:00,1.28562,1.28803,1.28848,1.28479,1.28577,1.28817,1.28855,1.28494,37942
2019-11-25 10:00:00,1.28803,1.28729,1.28828,1.28664,1.28817,1.28744,1.28842,1.28672,24251
2019-11-25 13:00:00,1.28729,1.29069,1.29113,1.28677,1.28744,1.29083,1.29128,1.2869,51487
2019-11-25 16:00:00,1.29069,1.28971,1.29081,1.28766,1.29083,1.28983,1.29091,1.28779,32666
2019-11-25 19:00:00,1.28971,1.28981,1.29042,1.28958,1.28983,1.29022,1.29056,1.28971,13242
2019-11-25 22:00:00,1.28981,1.28951,1.29022,1.28925,1.29022,1.28967,1.29088,1.28941,11464
2019-11-26 01:00:00,1.28951,1.28959,1.29031,1.28921,1.28967,1.28973,1.29045,1.28937,13182
2019-11-26 04:00:00,1.28959,1.28957,1.28986,1.28898,1.28973,1.28971,1.29002,1.28911,12752
2019-11-26 07:00:00,1.28957,1.28647,1.2896,1.28636,1.28971,1.28663,1.28974,1.28649,38437
2019-11-26 10:00:00,1.28647,1.28575,1.28787,1.28504,1.28663,1.2859,1.28801,1.28515,36519
2019-11-26 13:00:00,1.28575,1.28359,1.28712,1.28343,1.2859,1.28375,1.28727,1.28357,48342
2019-11-26 16:00:00,1.28359,1.28618,1.28629,1.28359,1.28375,1.28634,1.28645,1.28373,28335
2019-11-26 19:00:00,1.28618,1.28651,1.287,1.28548,1.28634,1.28671,1.28716,1.28564,13768
2019-11-26 22:00:00,1.28651,1.28521,1.28656,1.28497,1.28671,1.28537,1.28751,1.2851,11231
2019-11-27 01:00:00,1.28521,1.28545,1.28582,1.28459,1.28537,1.28559,1.28595,1.28471,11406
2019-11-27 04:00:00,1.28545,1.28459,1.28559,1.2842,1.28559,1.28477,1.28574,1.28436,13823
2019-11-27 07:00:00,1.28459,1.28609,1.28642,1.28266,1.28477,1.28623,1.28654,1.2828,39755
2019-11-27 10:00:00,1.28609,1.28855,1.28929,1.28595,1.28623,1.2887,1.28945,1.28609,41526
2019-11-27 13:00:00,1.28855,1.2875,1.28901,1.28645,1.2887,1.28763,1.28915,1.28658,56309
2019-11-27 16:00:00,1.2875,1.29043,1.29146,1.28718,1.28763,1.29058,1.2916,1.28731,38831
2019-11-27 19:00:00,1.29043,1.29163,1.29204,1.28859,1.29058,1.29238,1.29267,1.28898,23465
2019-11-27 22:00:00,1.29163,1.29222,1.29499,1.2909,1.29238,1.29237,1.29517,1.29202,17634
2019-11-28 01:00:00,1.29222,1.29268,1.2933,1.29222,1.29237,1.29285,1.29345,1.29238,11508
2019-11-28 04:00:00,1.29268,1.29454,1.29504,1.29243,1.29285,1.29472,1.29515,1.29257,11553
2019-11-28 07:00:00,1.29454,1.29359,1.29502,1.29258,1.29472,1.29377,1.29512,1.29272,39216
2019-11-28 10:00:00,1.29359,1.29147,1.29398,1.28994,1.29377,1.2916,1.2941,1.29009,36996
2019-11-28 13:00:00,1.29147,1.29019,1.29195,1.28986,1.2916,1.29034,1.29212,1.29001,26512
2019-11-28 16:00:00,1.29019,1.29079,1.291,1.29003,1.29034,1.29119,1.29135,1.29025,34545
2019-11-28 19:00:00,1.29079,1.29079,1.29125,1.29028,1.29119,1.29125,1.29185,1.29076,22962
2019-11-28 22:00:00,1.29079,1.29081,1.29129,1.29044,1.29125,1.29093,1.29185,1.29076,12394
2019-11-29 01:00:00,1.29081,1.29115,1.29131,1.29064,1.29093,1.29132,1.29144,1.29079,9970
2019-11-29 04:00:00,1.29115,1.29134,1.29225,1.29089,1.29132,1.29149,1.29238,1.29103,10228
2019-11-29 07:00:00,1.29134,1.28886,1.29172,1.28787,1.29149,1.28903,1.29186,1.28798,31553
2019-11-29 10:00:00,1.28886,1.2895,1.29123,1.28834,1.28903,1.28963,1.29139,1.28847,30088
2019-11-29 13:00:00,1.2895,1.29358,1.29373,1.28818,1.28963,1.29371,1.29384,1.28832,54917
2019-11-29 16:00:00,1.29358,1.29339,1.29412,1.29146,1.29371,1.29355,1.29425,1.2916,39054
2019-11-29 19:00:00,1.29339,1.29266,1.29416,1.29171,1.29355,1.29403,1.29471,1.29258,10983
2019-12-01 19:00:00,1.29266,1.2908,1.29135,1.29039,1.29403,1.29111,1.29198,1.29097,563
2019-12-01 22:00:00,1.2908,1.29107,1.29181,1.29068,1.29111,1.29122,1.29191,1.29107,12261
2019-12-02 01:00:00,1.29107,1.29119,1.29151,1.2909,1.29122,1.29134,1.29166,1.29104,12052
2019-12-02 04:00:00,1.29119,1.29156,1.29197,1.29101,1.29134,1.2917,1.29214,1.29115,11067
2019-12-02 07:00:00,1.29156,1.29095,1.29269,1.28995,1.2917,1.29108,1.29283,1.29009,33550
2019-12-02 10:00:00,1.29095,1.2931,1.29342,1.28955,1.29108,1.29321,1.29354,1.2897,36434
2019-12-02 13:00:00,1.2931,1.29202,1.29414,1.2918,1.29321,1.29216,1.29426,1.29195,58216
2019-12-02 16:00:00,1.29202,1.29366,1.29454,1.29201,1.29216,1.29381,1.29463,1.29213,33525
2019-12-02 19:00:00,1.29366,1.29384,1.29483,1.29356,1.29381,1.29441,1.29498,1.2937,19002
2019-12-02 22:00:00,1.29384,1.29316,1.29442,1.29295,1.29441,1.29333,1.29496,1.2932,10388
2019-12-03 01:00:00,1.29316,1.29383,1.29401,1.29297,1.29333,1.29398,1.29416,1.29313,11134
2019-12-03 04:00:00,1.29383,1.29461,1.29465,1.29369,1.29398,1.29475,1.2948,1.29384,10514
2019-12-03 07:00:00,1.29461,1.29869,1.29888,1.29441,1.29475,1.29885,1.29899,1.29454,47459
2019-12-03 10:00:00,1.29869,1.30062,1.3007,1.29708,1.29885,1.30073,1.30083,1.29721,46800
2019-12-03 13:00:00,1.30062,1.29917,1.30089,1.29743,1.30073,1.29932,1.30101,1.29757,58023
2019-12-03 16:00:00,1.29917,1.30034,1.30113,1.29911,1.29932,1.30047,1.30133,1.29926,25622
2019-12-03 19:00:00,1.30034,1.29929,1.30043,1.29886,1.30047,1.29983,1.30057,1.29895,13316
2019-12-03 22:00:00,1.29929,1.29943,1.3,1.29894,1.29983,1.29961,1.30012,1.2994,16576
2019-12-04 01:00:00,1.29943,1.29989,1.30026,1.29914,1.29961,1.30004,1.30039,1.2993,12691
2019-12-04 04:00:00,1.29989,1.29914,1.3,1.29883,1.30004,1.29928,1.30014,1.29897,9962
2019-12-04 07:00:00,1.29914,1.30545,1.30628,1.2982,1.29928,1.3056,1.30644,1.29833,66087
2019-12-04 10:00:00,1.30545,1.30912,1.3097,1.30357,1.3056,1.30928,1.30988,1.30371,49503
2019-12-04 13:00:00,1.30912,1.31087,1.31199,1.30853,1.30928,1.31103,1.31214,1.30866,68226
2019-12-04 16:00:00,1.31087,1.30883,1.31121,1.30864,1.31103,1.30898,1.31135,1.3088,27751
2019-12-04 19:00:00,1.30883,1.3103,1.31068,1.30865,1.30898,1.31051,1.31082,1.30881,12167
2019-12-04 22:00:00,1.3103,1.31073,1.31109,1.31015,1.31051,1.31087,1.31125,1.31039,11520
2019-12-05 01:00:00,1.31073,1.31149,1.31178,1.31059,1.31087,1.31166,1.31194,1.31075,11849
2019-12-05 04:00:00,1.31149,1.31093,1.31151,1.31047,1.31166,1.31111,1.31166,1.31062,9303
2019-12-05 07:00:00,1.31093,1.31326,1.31474,1.31085,1.31111,1.31339,1.31486,1.31101,45646
2019-12-05 10:00:00,1.31326,1.31335,1.31424,1.31241,1.31339,1.31348,1.31438,1.31253,30907
2019-12-05 13:00:00,1.31335,1.31547,1.31586,1.31247,1.31348,1.3156,1.316,1.3126,46265
2019-12-05 16:00:00,1.31547,1.31586,1.31652,1.31465,1.3156,1.31601,1.31663,1.31478,31980
2019-12-05 19:00:00,1.31586,1.31564,1.31656,1.31529,1.31601,1.31587,1.31669,1.31541,16014
2019-12-05 22:00:00,1.31564,1.31563,1.31606,1.31523,1.31587,1.31578,1.31671,1.31569,10587
2019-12-06 01:00:00,1.31563,1.31598,1.31622,1.31523,1.31578,1.3161,1.31633,1.31538,10041
2019-12-06 04:00:00,1.31598,1.31613,1.31648,1.31534,1.3161,1.31625,1.31662,1.31548,10220
2019-12-06 07:00:00,1.31613,1.31234,1.31636,1.31107,1.31625,1.3125,1.31651,1.31121,36707
2019-12-06 10:00:00,1.31234,1.31455,1.31495,1.31226,1.3125,1.31469,1.31509,1.31242,32328
2019-12-06 13:00:00,1.31455,1.31044,1.31464,1.31013,1.31469,1.31058,1.31479,1.31028,72372
2019-12-06 16:00:00,1.31044,1.31368,1.3141,1.30999,1.31058,1.31383,1.31425,1.31013,27569
2019-12-06 19:00:00,1.31368,1.3131,1.31425,1.31296,1.31383,1.3144,1.31441,1.31316,15596
2019-12-08 19:00:00,1.3131,1.31334,1.31379,1.3122,1.3144,1.31385,1.3143,1.31289,157
2019-12-08 22:00:00,1.31334,1.31435,1.31497,1.3131,1.31385,1.31455,1.31513,1.31341,12685
2019-12-09 01:00:00,1.31435,1.31427,1.31463,1.314,1.31455,1.31443,1.31476,1.31415,13541
2019-12-09 04:00:00,1.31427,1.31713,1.31804,1.31421,1.31443,1.31737,1.31829,1.31437,19332
2019-12-09 07:00:00,1.31713,1.3154,1.31786,1.31499,1.31737,1.31553,1.31802,1.31513,34622
2019-12-09 10:00:00,1.3154,1.31511,1.31762,1.31468,1.31553,1.31525,1.31776,1.31487,33343
2019-12-09 13:00:00,1.31511,1.31545,1.316,1.31351,1.31525,1.31559,1.31613,1.31367,44235
2019-12-09 16:00:00,1.31545,1.31538,1.3158,1.31468,1.31559,1.31555,1.31596,1.31483,32622
2019-12-09 19:00:00,1.31538,1.31358,1.31545,1.31346,1.31555,1.31507,1.31558,1.31404,18105
2019-12-09 22:00:00,1.31358,1.31442,1.31468,1.31336,1.31507,1.31455,1.31511,1.31373,8850
2019-12-10 01:00:00,1.31442,1.31502,1.31553,1.31427,1.31455,1.31515,1.31565,1.31441,8867
2019-12-10 04:00:00,1.31502,1.31564,1.31582,1.31484,1.31515,1.31579,1.31599,1.31498,7638
2019-12-10 07:00:00,1.31564,1.31595,1.31738,1.31321,1.31579,1.31615,1.31751,1.31333,43654
2019-12-10 10:00:00,1.31595,1.31755,1.31891,1.31574,1.31615,1.3177,1.31904,1.31586,42631
2019-12-10 13:00:00,1.31755,1.31697,1.31809,1.31545,1.3177,1.31714,1.31821,1.31556,54154
2019-12-10 16:00:00,1.31697,1.31892,1.3197,1.3166,1.31714,1.31904,1.31983,1.31672,27484
2019-12-10 19:00:00,1.31892,1.31539,1.32144,1.31515,1.31904,1.31596,1.32164,1.3156,30497
2019-12-10 22:00:00,1.31539,1.31336,1.31584,1.31064,1.31596,1.3135,1.31631,1.31089,27060
2019-12-11 01:00:00,1.31336,1.31368,1.31388,1.31286,1.3135,1.31382,1.31403,1.31302,17516
2019-12-11 04:00:00,1.31368,1.31314,1.31459,1.31302,1.31382,1.31329,1.31474,1.31316,14274
2019-12-11 07:00:00,1.31314,1.31379,1.31566,1.31112,1.31329,1.31395,1.31578,1.31123,52068
2019-12-11 10:00:00,1.31379,1.31432,1.31586,1.31373,1.31395,1.31446,1.316,1.31385,38920
2019-12-11 13:00:00,1.31432,1.3176,1.31858,1.31432,1.31446,1.31774,1.31872,1.31444,51856
2019-12-11 16:00:00,1.3176,1.31748,1.31828,1.31692,1.31774,1.31799,1.31846,1.31703,28471
2019-12-11 19:00:00,1.31748,1.31947,1.32129,1.31672,1.31799,1.31959,1.32144,1.31693,40793
2019-12-11 22:00:00,1.31947,1.32075,1.32096,1.31912,1.31959,1.32089,1.32112,1.31952,14783
2019-12-12 01:00:00,1.32075,1.32227,1.3229,1.3203,1.32089,1.3224,1.32306,1.32044,15397
2019-12-12 04:00:00,1.32227,1.32089,1.3223,1.32051,1.3224,1.32114,1.3224,1.32065,10388
2019-12-12 07:00:00,1.32089,1.31829,1.32223,1.31828,1.32114,1.31844,1.32238,1.31844,35396
2019-12-12 10:00:00,1.31829,1.31754,1.31991,1.31498,1.31844,1.31766,1.32004,1.31512,54855
2019-12-12 13:00:00,1.31754,1.31201,1.31788,1.31088,1.31766,1.31214,1.31802,1.31105,102899
2019-12-12 16:00:00,1.31201,1.30864,1.31414,1.30496,1.31214,1.30878,1.31431,1.30516,69564
2019-12-12 19:00:00,1.30864,1.31624,1.31839,1.30659,1.30878,1.31767,1.31857,1.30681,80123
2019-12-12 22:00:00,1.31624,1.34548,1.35143,1.31898,1.31767,1.3457,1.35162,1.31964,57994
2019-12-13 01:00:00,1.34548,1.34779,1.35069,1.34463,1.3457,1.348,1.35087,1.34484,39441
2019-12-13 04:00:00,1.34779,1.34474,1.34823,1.34288,1.348,1.34495,1.3484,1.34306,28964
2019-12-13 07:00:00,1.34474,1.34149,1.34555,1.3357,1.34495,1.34165,1.34575,1.33581,106149
2019-12-13 10:00:00,1.34149,1.33879,1.3418,1.33757,1.34165,1.33891,1.34195,1.33775,60124
2019-12-13 13:00:00,1.33879,1.33419,1.33893,1.3305,1.33891,1.33436,1.33908,1.33064,133527
2019-12-13 16:00:00,1.33419,1.33312,1.33567,1.33145,1.33436,1.33323,1.33582,1.33159,66514
2019-12-13 19:00:00,1.33312,1.33277,1.33444,1.33277,1.33323,1.33373,1.33461,1.33301,31760
2019-12-15 19:00:00,1.33277,1.33352,1.33412,1.33256,1.33373,1.33447,1.335,1.33393,73
2019-12-15 22:00:00,1.33352,1.33571,1.33582,1.33366,1.33447,1.33587,1.33595,1.33397,19395
2019-12-16 01:00:00,1.33571,1.33895,1.33981,1.33545,1.33587,1.33912,1.33996,1.33562,21078
2019-12-16 04:00:00,1.33895,1.34174,1.34216,1.33838,1.33912,1.34189,1.34232,1.3385,15974
2019-12-16 07:00:00,1.34174,1.33331,1.34179,1.33226,1.34189,1.33346,1.34196,1.33239,64805
2019-12-16 10:00:00,1.33331,1.33775,1.33791,1.3332,1.33346,1.33792,1.33803,1.33333,42142
2019-12-16 13:00:00,1.33775,1.33327,1.33781,1.3324,1.33792,1.33342,1.33795,1.33253,52964
2019-12-16 16:00:00,1.33327,1.3344,1.33458,1.33204,1.33342,1.33455,1.3347,1.33219,34418
2019-12-16 19:00:00,1.3344,1.33319,1.33531,1.333,1.33455,1.33398,1.33547,1.33315,18721
2019-12-16 22:00:00,1.33319,1.32793,1.33347,1.3235,1.33398,1.32809,1.33465,1.3237,31290
2019-12-17 01:00:00,1.32793,1.3296,1.32965,1.32735,1.32809,1.32975,1.3298,1.32749,17440
2019-12-17 04:00:00,1.3296,1.32661,1.33001,1.32581,1.32975,1.32678,1.33018,1.32598,18533
2019-12-17 07:00:00,1.32661,1.31929,1.32727,1.31545,1.32678,1.31947,1.32743,1.31561,86968
2019-12-17 10:00:00,1.31929,1.31809,1.32144,1.318,1.31947,1.3182,1.32158,1.31815,50922
2019-12-17 13:00:00,1.31809,1.3137,1.31834,1.31311,1.3182,1.31384,1.31845,1.31327,74711
2019-12-17 16:00:00,1.3137,1.31164,1.3144,1.30987,1.31384,1.31182,1.31455,1.31004,50910
2019-12-17 19:00:00,1.31164,1.31288,1.31384,1.31103,1.31182,1.31338,1.31399,1.31118,21612
2019-12-17 22:00:00,1.31288,1.31119,1.31336,1.31049,1.31338,1.31137,1.31404,1.31069,22855
2019-12-18 01:00:00,1.31119,1.31008,1.31123,1.30717,1.31137,1.31024,1.31141,1.30737,34879
2019-12-18 04:00:00,1.31008,1.31254,1.31284,1.30882,1.31024,1.31279,1.31306,1.30897,20010
2019-12-18 07:00:00,1.31254,1.31109,1.31262,1.30764,1.31279,1.31125,1.31283,1.30778,73197
2019-12-18 10:00:00,1.31109,1.30805,1.31183,1.30786,1.31125,1.3082,1.31195,1.30801,52534
2019-12-18 13:00:00,1.30805,1.30728,1.30894,1.30594,1.3082,1.3074,1.30901,1.30606,66819
2019-12-18 16:00:00,1.30728,1.30718,1.30857,1.30619,1.3074,1.30732,1.3087,1.30631,44963
2019-12-18 19:00:00,1.30718,1.30775,1.3088,1.30718,1.30732,1.3081,1.30895,1.30731,20680
2019-12-18 22:00:00,1.30775,1.30817,1.30874,1.30705,1.3081,1.30834,1.30894,1.30735,14443
2019-12-19 01:00:00,1.30817,1.30857,1.30901,1.30791,1.30834,1.30871,1.30915,1.30804,11082
2019-12-19 04:00:00,1.30857,1.30941,1.30944,1.30761,1.30871,1.30953,1.30959,1.30775,11841
2019-12-19 07:00:00,1.30941,1.31053,1.31272,1.30837,1.30953,1.31068,1.31284,1.30853,45087
2019-12-19 10:00:00,1.31053,1.30786,1.31326,1.30481,1.31068,1.30796,1.31341,1.30536,66736
2019-12-19 13:00:00,1.30786,1.30263,1.30845,1.30062,1.30796,1.30276,1.30862,1.30077,89951
2019-12-19 16:00:00,1.30263,1.30222,1.30416,1.29892,1.30276,1.30237,1.30429,1.29908,56815
2019-12-19 19:00:00,1.30222,1.30078,1.30241,1.29964,1.30237,1.30116,1.30254,1.29971,24439
2019-12-19 22:00:00,1.30078,1.30088,1.30178,1.30052,1.30116,1.30103,1.30193,1.30079,10210
2019-12-20 01:00:00,1.30088,1.30217,1.30222,1.30083,1.30103,1.30231,1.30236,1.30096,11135
2019-12-20 04:00:00,1.30217,1.30251,1.3028,1.30127,1.30231,1.30265,1.30298,1.3014,10040
2019-12-20 07:00:00,1.30251,1.30399,1.30469,1.30103,1.30265,1.30412,1.30484,1.30115,36503
2019-12-20 10:00:00,1.30399,1.30295,1.30485,1.30161,1.30412,1.3031,1.30497,1.30175,36561
2019-12-20 13:00:00,1.30295,1.30478,1.30789,1.30243,1.3031,1.30495,1.30804,1.30255,54806
2019-12-20 16:00:00,1.30478,1.301,1.30565,1.30048,1.30495,1.30117,1.3058,1.30064,39017
2019-12-20 19:00:00,1.301,1.29941,1.3019,1.29779,1.30117,1.30063,1.30206,1.29795,27234
2019-12-22 19:00:00,1.29941,1.29978,1.30082,1.29897,1.30063,1.30061,1.3016,1.29987,137
2019-12-22 22:00:00,1.29978,1.30047,1.30135,1.2985,1.30061,1.30062,1.30151,1.29932,12457
2019-12-23 01:00:00,1.30047,1.30097,1.30159,1.3003,1.30062,1.30113,1.30173,1.30046,11956
2019-12-23 04:00:00,1.30097,1.30165,1.30238,1.30074,1.30113,1.30181,1.30254,1.3009,10439
2019-12-23 07:00:00,1.30165,1.30093,1.30314,1.30042,1.30181,1.30106,1.30328,1.30055,32763
2019-12-23 10:00:00,1.30093,1.29348,1.30118,1.29273,1.30106,1.29364,1.30132,1.29292,56105
2019-12-23 13:00:00,1.29348,1.29236,1.29584,1.29041,1.29364,1.29252,1.296,1.29056,63552
2019-12-23 16:00:00,1.29236,1.29315,1.29368,1.29085,1.29252,1.29331,1.29384,1.29103,38337
2019-12-23 19:00:00,1.29315,1.29349,1.29462,1.2931,1.29331,1.29377,1.29476,1.29325,18057
2019-12-23 22:00:00,1.29349,1.29424,1.29469,1.29307,1.29377,1.29441,1.29507,1.2936,11899
2019-12-24 01:00:00,1.29424,1.29437,1.29463,1.29362,1.29441,1.29452,1.29479,1.29377,15340
2019-12-24 04:00:00,1.29437,1.29411,1.29462,1.29368,1.29452,1.29427,1.29477,1.29383,12351
2019-12-24 07:00:00,1.29411,1.29289,1.29467,1.29214,1.29427,1.29302,1.29483,1.29226,33906
2019-12-24 10:00:00,1.29289,1.29535,1.29622,1.29264,1.29302,1.2955,1.29637,1.2928,39851
2019-12-24 13:00:00,1.29535,1.29623,1.29627,1.29439,1.2955,1.29638,1.29642,1.29456,32695
2019-12-24 16:00:00,1.29623,1.29569,1.29701,1.29518,1.29638,1.29601,1.29723,1.29532,24677
2019-12-24 19:00:00,1.29569,1.29954,1.29586,1.2955,1.29601,1.29972,1.29611,1.29568,78
2019-12-26 04:00:00,1.29567,1.29898,1.29955,1.29946,1.29608,1.29914,1.29973,1.29967,28
2019-12-26 07:00:00,1.29954,1.29812,1.2996,1.29804,1.29972,1.29829,1.29979,1.29821,13168
2019-12-26 10:00:00,1.29812,1.2967,1.29814,1.29592,1.29829,1.2969,1.29837,1.29611,27074
2019-12-26 13:00:00,1.2967,1.29989,1.29993,1.2966,1.2969,1.30003,1.30006,1.29676,19022
2019-12-26 16:00:00,1.29989,1.30131,1.30154,1.29957,1.30003,1.30146,1.30168,1.29973,18694
2019-12-26 19:00:00,1.30131,1.29877,1.30133,1.29877,1.30146,1.29994,1.30149,1.2992,12639
2019-12-26 22:00:00,1.29877,1.29959,1.30036,1.29855,1.29994,1.29975,1.30071,1.29954,14169
2019-12-27 01:00:00,1.29959,1.29995,1.29998,1.29676,1.29975,1.30012,1.30015,1.2969,20614
2019-12-27 04:00:00,1.29995,1.30076,1.30136,1.29919,1.30012,1.30092,1.30154,1.29937,15497
2019-12-27 07:00:00,1.30076,1.30696,1.30747,1.30027,1.30092,1.30712,1.30767,1.30044,56448
2019-12-27 10:00:00,1.30696,1.30945,1.31003,1.30611,1.30712,1.3096,1.31016,1.30625,43773
2019-12-27 13:00:00,1.30945,1.30928,1.31168,1.30799,1.3096,1.30945,1.31182,1.30814,53848
2019-12-27 16:00:00,1.30928,1.30963,1.3101,1.30825,1.30945,1.30979,1.31023,1.30839,34495
2019-12-27 19:00:00,1.30963,1.30796,1.30994,1.30719,1.30979,1.30898,1.3101,1.30735,21768
2019-12-29 19:00:00,1.30796,1.30846,1.30903,1.3084,1.30898,1.30993,1.30993,1.30898,10
2019-12-29 22:00:00,1.30846,1.30963,1.3099,1.30619,1.30993,1.30975,1.31005,1.30765,10232
2019-12-30 01:00:00,1.30963,1.31173,1.31245,1.30944,1.30975,1.31186,1.31258,1.3096,17550
2019-12-30 04:00:00,1.31173,1.31091,1.31243,1.31011,1.31186,1.31104,1.31257,1.31028,11640
2019-12-30 07:00:00,1.31091,1.3118,1.3125,1.3085,1.31104,1.31191,1.31263,1.3086,37430
2019-12-30 10:00:00,1.3118,1.31309,1.31351,1.31044,1.31191,1.31324,1.31365,1.31057,32693
2019-12-30 13:00:00,1.31309,1.31138,1.315,1.31075,1.31324,1.31154,1.31513,1.3109,51216
2019-12-30 16:00:00,1.31138,1.31199,1.31468,1.31113,1.31154,1.3121,1.31481,1.31132,39383
2019-12-30 19:00:00,1.31199,1.31103,1.31242,1.31015,1.3121,1.31135,1.31256,1.31026,24854
2019-12-30 22:00:00,1.31103,1.31138,1.31213,1.31023,1.31135,1.31151,1.31256,1.31104,14252
2019-12-31 01:00:00,1.31138,1.3126,1.31356,1.31136,1.31151,1.31275,1.31369,1.31151,11413
2019-12-31 04:00:00,1.3126,1.31144,1.31273,1.31117,1.31275,1.31159,1.31288,1.3113,7976
2019-12-31 07:00:00,1.31144,1.3158,1.31633,1.31049,1.31159,1.31593,1.31649,1.31065,38513
2019-12-31 10:00:00,1.3158,1.31934,1.32113,1.31499,1.31593,1.31949,1.32112,1.31512,63698
2019-12-31 13:00:00,1.31934,1.32428,1.32489,1.3191,1.31949,1.32442,1.32503,1.31925,54335
2019-12-31 16:00:00,1.32428,1.32514,1.32836,1.3228,1.32442,1.32529,1.32853,1.32288,47646
2019-12-31 19:00:00,1.32514,1.32208,1.32515,1.32496,1.32529,1.3221,1.3253,1.32516,87
2020-01-02 04:00:00,1.32496,1.32191,1.32208,1.32181,1.32519,1.32205,1.3221,1.32197,69
2020-01-02 07:00:00,1.32208,1.32138,1.323,1.32085,1.3221,1.32152,1.32316,1.321,43847
2020-01-02 10:00:00,1.32138,1.31965,1.32144,1.31882,1.32152,1.3198,1.32159,1.31895,38147
2020-01-02 13:00:00,1.31965,1.31886,1.31965,1.31347,1.3198,1.31904,1.3198,1.31366,58503
2020-01-02 16:00:00,1.31886,1.31392,1.31894,1.31149,1.31904,1.31406,1.31905,1.31164,54232
2020-01-02 19:00:00,1.31392,1.3135,1.31451,1.31274,1.31406,1.31457,1.315,1.31289,26889
2020-01-02 22:00:00,1.3135,1.31543,1.31566,1.31302,1.31457,1.31561,1.3158,1.31357,14227
2020-01-03 01:00:00,1.31543,1.31355,1.31596,1.3122,1.31561,1.31371,1.31611,1.31238,29849
2020-01-03 04:00:00,1.31355,1.31227,1.31369,1.31041,1.31371,1.31245,1.31385,1.31059,19419
2020-01-03 07:00:00,1.31227,1.30674,1.31229,1.30662,1.31245,1.30687,1.31246,1.30674,66599
2020-01-03 10:00:00,1.30674,1.30797,1.30874,1.30528,1.30687,1.30811,1.30891,1.3054,46586
2020-01-03 13:00:00,1.30797,1.30711,1.31092,1.30674,1.30811,1.30723,1.31108,1.30691,52684
2020-01-03 16:00:00,1.30711,1.30822,1.30985,1.30688,1.30723,1.30886,1.30998,1.30702,43811
2020-01-03 19:00:00,1.30822,1.30764,1.30847,1.30701,1.30886,1.30818,1.30899,1.30717,27760
2020-01-05 19:00:00,1.30764,1.30675,1.3083,1.30671,1.30818,1.30786,1.30914,1.3073,75
2020-01-05 22:00:00,1.30829,1.30792,1.30875,1.3063,1.30894,1.30809,1.30931,1.30653,13398
2020-01-06 01:00:00,1.30792,1.30814,1.309,1.30746,1.30809,1.30829,1.30912,1.30763,9330
2020-01-06 04:00:00,1.30814,1.3082,1.30863,1.30681,1.30829,1.30838,1.3088,1.30694,11663
2020-01-06 07:00:00,1.3082,1.31425,1.3148,1.30634,1.30838,1.3144,1.31493,1.3065,66112
2020-01-06 10:00:00,1.31425,1.31379,1.31739,1.31372,1.3144,1.31393,1.31752,1.31385,51661
2020-01-06 13:00:00,1.31379,1.31582,1.3162,1.31326,1.31393,1.31594,1.31632,1.3134,42299
2020-01-06 16:00:00,1.31582,1.31571,1.31738,1.31513,1.31594,1.31586,1.31754,1.31526,29734
2020-01-06 19:00:00,1.31571,1.31672,1.31681,1.31549,1.31586,1.31725,1.31725,1.3156,14968
2020-01-06 22:00:00,1.31672,1.31724,1.31784,1.3163,1.31725,1.3174,1.31804,1.31695,12020
2020-01-07 01:00:00,1.31724,1.31732,1.31769,1.31679,1.3174,1.31743,1.31785,1.31693,8838
2020-01-07 04:00:00,1.31732,1.31552,1.31752,1.31473,1.31743,1.31568,1.31764,1.3149,15746
2020-01-07 07:00:00,1.31552,1.31723,1.32118,1.31405,1.31568,1.31743,1.32133,1.31419,61351
2020-01-07 10:00:00,1.31723,1.31201,1.31731,1.31096,1.31743,1.31215,1.31747,1.3111,60223
2020-01-07 13:00:00,1.31201,1.31209,1.31355,1.30946,1.31215,1.3122,1.31366,1.30958,60332
2020-01-07 16:00:00,1.31209,1.31246,1.3139,1.31058,1.3122,1.3126,1.31405,1.31071,35230
2020-01-07 19:00:00,1.31246,1.31185,1.31266,1.31127,1.3126,1.31279,1.31281,1.31144,24575
2020-01-07 22:00:00,1.31185,1.31115,1.31253,1.31036,1.31279,1.3113,1.31317,1.31062,19725
2020-01-08 01:00:00,1.31115,1.31304,1.31395,1.31106,1.3113,1.31316,1.31411,1.31122,27676
2020-01-08 04:00:00,1.31304,1.31287,1.31339,1.31154,1.31316,1.31317,1.31357,1.31171,16820
2020-01-08 07:00:00,1.31287,1.31193,1.31691,1.31092,1.31317,1.31212,1.31706,1.31109,70966
2020-01-08 10:00:00,1.31193,1.30921,1.31355,1.30795,1.31212,1.30939,1.31368,1.30812,70474
2020-01-08 13:00:00,1.30921,1.30999,1.31386,1.30851,1.30939,1.31012,1.31403,1.30865,56264
2020-01-08 16:00:00,1.30999,1.31026,1.31167,1.30823,1.31012,1.31039,1.31179,1.30837,46755
2020-01-08 19:00:00,1.31026,1.30919,1.31026,1.30902,1.31039,1.30986,1.31042,1.30948,19797
2020-01-08 22:00:00,1.30919,1.31091,1.31116,1.30895,1.30986,1.31105,1.31131,1.30967,11269
2020-01-09 01:00:00,1.31091,1.31054,1.31136,1.31034,1.31105,1.31066,1.31152,1.31051,9644
2020-01-09 04:00:00,1.31054,1.31101,1.31234,1.31042,1.31066,1.3112,1.31245,1.31055,9440
2020-01-09 07:00:00,1.31101,1.30265,1.31179,1.30168,1.3112,1.30279,1.312,1.30184,73864
2020-01-09 10:00:00,1.30265,1.30366,1.30507,1.30121,1.30279,1.30383,1.30524,1.30135,63032
2020-01-09 13:00:00,1.30366,1.30481,1.30687,1.30215,1.30383,1.30494,1.30704,1.30229,49047
2020-01-09 16:00:00,1.30481,1.30548,1.30686,1.3043,1.30494,1.3056,1.30698,1.30442,38618
2020-01-09 19:00:00,1.30548,1.30659,1.30674,1.30535,1.3056,1.30692,1.30692,1.30548,14773
2020-01-09 22:00:00,1.30659,1.30677,1.3072,1.30631,1.30692,1.3069,1.30733,1.30654,8860
2020-01-10 01:00:00,1.30677,1.30681,1.3069,1.30594,1.3069,1.30692,1.30702,1.30605,7414
2020-01-10 04:00:00,1.30681,1.30839,1.30909,1.30659,1.30692,1.30857,1.30924,1.30671,10609
2020-01-10 07:00:00,1.30839,1.30672,1.30881,1.30476,1.30857,1.30686,1.30895,1.30493,55864
2020-01-10 10:00:00,1.30672,1.30836,1.30878,1.30497,1.30686,1.30852,1.3089,1.30512,45312
2020-01-10 13:00:00,1.30836,1.30605,1.30966,1.30554,1.30852,1.30618,1.30981,1.30564,63003
2020-01-10 16:00:00,1.30605,1.30545,1.30691,1.30418,1.30618,1.3056,1.30706,1.30432,33747
2020-01-10 19:00:00,1.30545,1.30578,1.30638,1.30529,1.3056,1.3069,1.3071,1.30544,17194
2020-01-12 19:00:00,1.30578,1.30343,1.30352,1.30184,1.3069,1.30375,1.30422,1.30213,297
2020-01-12 22:00:00,1.30343,1.30366,1.30444,1.30298,1.30375,1.3038,1.3046,1.30348,7852
2020-01-13 01:00:00,1.30366,1.30385,1.30394,1.30305,1.3038,1.30401,1.3041,1.3032,9651
2020-01-13 04:00:00,1.30385,1.30268,1.30407,1.30213,1.30401,1.30282,1.30423,1.30227,10484
2020-01-13 07:00:00,1.30268,1.29721,1.30268,1.29644,1.30282,1.29735,1.30284,1.29666,60174
2020-01-13 10:00:00,1.29721,1.29756,1.29936,1.29604,1.29735,1.2977,1.2995,1.29619,44203
2020-01-13 13:00:00,1.29756,1.29779,1.29983,1.29702,1.2977,1.29793,1.29999,1.29716,61361
2020-01-13 16:00:00,1.29779,1.29956,1.29969,1.29746,1.29793,1.29971,1.29983,1.2976,29442
2020-01-13 19:00:00,1.29956,1.29884,1.30028,1.29856,1.29971,1.29909,1.30042,1.29871,18755
2020-01-13 22:00:00,1.29884,1.2994,1.29951,1.29814,1.29909,1.29953,1.29984,1.29871,10553
2020-01-14 01:00:00,1.2994,1.29899,1.30017,1.29877,1.29953,1.29914,1.30033,1.2989,23437
2020-01-14 04:00:00,1.29899,1.29869,1.29957,1.29863,1.29914,1.29887,1.29971,1.29876,17278
2020-01-14 07:00:00,1.29869,1.29714,1.29871,1.29536,1.29887,1.2973,1.29888,1.2955,46864
2020-01-14 10:00:00,1.29714,1.29747,1.30136,1.29664,1.2973,1.29759,1.30149,1.2968,48588
2020-01-14 13:00:00,1.29747,1.30098,1.30139,1.29727,1.29759,1.30109,1.30154,1.29745,79094
2020-01-14 16:00:00,1.30098,1.3026,1.303,1.29996,1.30109,1.30271,1.30315,1.3001,36865
2020-01-14 19:00:00,1.3026,1.30159,1.30325,1.30157,1.30271,1.30244,1.30339,1.30172,19185
2020-01-14 22:00:00,1.30159,1.30175,1.3024,1.30136,1.30244,1.3019,1.30257,1.3015,9469
2020-01-15 01:00:00,1.30175,1.30235,1.30242,1.30164,1.3019,1.30251,1.30256,1.3018,10598
2020-01-15 04:00:00,1.30235,1.30326,1.30418,1.30235,1.30251,1.30343,1.30435,1.30252,13090
2020-01-15 07:00:00,1.30326,1.29904,1.30367,1.29839,1.30343,1.29919,1.30382,1.29859,51174
2020-01-15 10:00:00,1.29904,1.30055,1.30288,1.29874,1.29919,1.30068,1.30299,1.29888,46560
2020-01-15 13:00:00,1.30055,1.30219,1.30355,1.3,1.30068,1.30231,1.30371,1.30012,65133
2020-01-15 16:00:00,1.30219,1.30273,1.30388,1.30191,1.30231,1.30286,1.30402,1.30207,37417
2020-01-15 19:00:00,1.30273,1.30365,1.30382,1.3022,1.30286,1.30391,1.30402,1.30235,19246
2020-01-15 22:00:00,1.30365,1.30409,1.30565,1.30341,1.30391,1.30425,1.306,1.30381,14077
2020-01-16 01:00:00,1.30409,1.30464,1.30499,1.30393,1.30425,1.30479,1.30514,1.30405,9700
2020-01-16 04:00:00,1.30464,1.30406,1.3052,1.30344,1.30479,1.30419,1.30533,1.3036,13323
2020-01-16 07:00:00,1.30406,1.3053,1.30645,1.30249,1.30419,1.30545,1.3066,1.30263,48003
2020-01-16 10:00:00,1.3053,1.3065,1.30741,1.30484,1.30545,1.30665,1.30754,1.30498,33969
2020-01-16 13:00:00,1.3065,1.30627,1.30704,1.30309,1.30665,1.3064,1.30718,1.30322,74625
2020-01-16 16:00:00,1.30627,1.3065,1.30826,1.30575,1.3064,1.3066,1.3084,1.30587,44425
2020-01-16 19:00:00,1.3065,1.30775,1.30779,1.30626,1.3066,1.30795,1.30825,1.30638,13672
2020-01-16 22:00:00,1.30775,1.30748,1.30796,1.30648,1.30795,1.30764,1.30837,1.30719,8625
2020-01-17 01:00:00,1.30748,1.30738,1.30797,1.30632,1.30764,1.3075,1.30811,1.30647,13264
2020-01-17 04:00:00,1.30738,1.30873,1.30898,1.30688,1.3075,1.30888,1.30912,1.307,10357
2020-01-17 07:00:00,1.30873,1.30541,1.31184,1.30395,1.30888,1.30555,1.31197,1.30409,66059
2020-01-17 10:00:00,1.30541,1.3051,1.30662,1.3026,1.30555,1.30525,1.30677,1.30272,55463
2020-01-17 13:00:00,1.3051,1.30295,1.30555,1.30155,1.30525,1.30309,1.30563,1.3017,61131
2020-01-17 16:00:00,1.30295,1.30176,1.30317,1.30164,1.30309,1.30189,1.3033,1.30177,27442
2020-01-17 19:00:00,1.30176,1.30039,1.30216,1.30037,1.30189,1.30136,1.30228,1.30077,16739
2020-01-19 19:00:00,1.30039,1.29894,1.29949,1.29853,1.30136,1.29975,1.3003,1.29922,208
2020-01-19 22:00:00,1.29894,1.29997,1.30083,1.29884,1.29975,1.30011,1.30102,1.29968,9218
2020-01-20 01:00:00,1.29997,1.30036,1.30056,1.29985,1.30011,1.3005,1.3007,1.29998,8932
2020-01-20 04:00:00,1.30036,1.29946,1.30043,1.29853,1.3005,1.29964,1.30055,1.29867,8306
2020-01-20 07:00:00,1.29946,1.29839,1.30009,1.29613,1.29964,1.29853,1.30023,1.29628,37276
2020-01-20 10:00:00,1.29839,1.29904,1.30032,1.29763,1.29853,1.29916,1.30046,1.29777,30923
2020-01-20 13:00:00,1.29904,1.29959,1.30079,1.29819,1.29916,1.29974,1.30092,1.29833,31720
2020-01-20 16:00:00,1.29959,1.29972,1.30023,1.29947,1.29974,1.29991,1.30035,1.2996,13054
2020-01-20 19:00:00,1.29972,1.3009,1.30132,1.29966,1.29991,1.30115,1.3015,1.29981,19615
2020-01-20 22:00:00,1.3009,1.29973,1.30099,1.29973,1.30115,1.2999,1.30178,1.2999,6659
2020-01-21 01:00:00,1.29973,1.30127,1.30137,1.29946,1.2999,1.3014,1.30154,1.29961,15127
2020-01-21 04:00:00,1.30127,1.30046,1.3021,1.30045,1.3014,1.30063,1.30224,1.3006,10903
2020-01-21 07:00:00,1.30046,1.30392,1.30445,1.29947,1.30063,1.30407,1.3046,1.2996,46442
2020-01-21 10:00:00,1.30392,1.30486,1.30635,1.30344,1.30407,1.30499,1.3065,1.30358,40552
2020-01-21 13:00:00,1.30486,1.30572,1.30827,1.30465,1.30499,1.30585,1.30845,1.30479,57378
2020-01-21 16:00:00,1.30572,1.30543,1.30628,1.30387,1.30585,1.30557,1.3064,1.30402,33388
2020-01-21 19:00:00,1.30543,1.30466,1.30554,1.30379,1.30557,1.3051,1.30569,1.30395,20349
2020-01-21 22:00:00,1.30466,1.30496,1.30535,1.30393,1.3051,1.30507,1.30562,1.30458,7666
2020-01-22 01:00:00,1.30496,1.30371,1.30522,1.3034,1.30507,1.30384,1.30535,1.30353,11644
2020-01-22 04:00:00,1.30371,1.30629,1.30672,1.3036,1.30384,1.30642,1.30686,1.30373,12863
2020-01-22 07:00:00,1.30629,1.30609,1.30629,1.3037,1.30642,1.30624,1.30645,1.30382,39368
2020-01-22 10:00:00,1.30609,1.31203,1.3126,1.30549,1.30624,1.31215,1.31274,1.30565,64147
2020-01-22 13:00:00,1.31203,1.31403,1.31524,1.31181,1.31215,1.31416,1.31536,1.31195,77847
2020-01-22 16:00:00,1.31403,1.31214,1.31453,1.31199,1.31416,1.31227,1.31467,1.31213,38205
2020-01-22 19:00:00,1.31214,1.31379,1.31407,1.31209,1.31227,1.3144,1.31463,1.31222,19501
2020-01-22 22:00:00,1.31379,1.31429,1.31504,1.31328,1.3144,1.31442,1.3152,1.31377,9337
2020-01-23 01:00:00,1.31429,1.31311,1.31434,1.31305,1.31442,1.31325,1.31446,1.31318,11282
2020-01-23 04:00:00,1.31311,1.31352,1.3137,1.31183,1.31325,1.3137,1.31383,1.31196,12703
2020-01-23 07:00:00,1.31352,1.31314,1.31465,1.3119,1.3137,1.31328,1.31478,1.31202,38986
2020-01-23 10:00:00,1.31314,1.31225,1.31453,1.31167,1.31328,1.3124,1.31467,1.3118,28672
2020-01-23 13:00:00,1.31225,1.31196,1.31366,1.30999,1.3124,1.31209,1.31381,1.31011,83431
2020-01-23 16:00:00,1.31196,1.31027,1.31196,1.30962,1.31209,1.3104,1.3121,1.30975,29388
2020-01-23 19:00:00,1.31027,1.31214,1.31278,1.3101,1.3104,1.31282,1.31292,1.31022,14004
2020-01-23 22:00:00,1.31214,1.31157,1.31244,1.31128,1.31282,1.31172,1.31306,1.31142,8700
2020-01-24 01:00:00,1.31157,1.31221,1.31243,1.31114,1.31172,1.31235,1.31255,1.3113,9532
2020-01-24 04:00:00,1.31221,1.31342,1.3138,1.31173,1.31235,1.31359,1.31396,1.31186,8316
2020-01-24 07:00:00,1.31342,1.30925,1.31723,1.3084,1.31359,1.30944,1.31786,1.30855,76756
2020-01-24 10:00:00,1.30925,1.3083,1.31097,1.30791,1.30944,1.30845,1.3111,1.30801,53385
2020-01-24 13:00:00,1.3083,1.30669,1.3106,1.30561,1.30845,1.30683,1.31075,1.30574,65160
2020-01-24 16:00:00,1.30669,1.30757,1.30841,1.30607,1.30683,1.30773,1.30856,1.30622,32959
2020-01-24 19:00:00,1.30757,1.30681,1.30822,1.3067,1.30773,1.30777,1.30838,1.30711,14840
2020-01-26 19:00:00,1.30681,1.30788,1.30884,1.30644,1.30777,1.30819,1.30939,1.30703,235
2020-01-26 22:00:00,1.30788,1.30683,1.30794,1.30602,1.30819,1.30699,1.30864,1.30617,16744
2020-01-27 01:00:00,1.30683,1.30573,1.30697,1.30511,1.30699,1.30589,1.30713,1.30525,10754
2020-01-27 04:00:00,1.30573,1.30633,1.30648,1.30543,1.30589,1.30649,1.30665,1.30558,8565
2020-01-27 07:00:00,1.30633,1.30948,1.3105,1.30605,1.30649,1.30962,1.31062,1.3062,45892
2020-01-27 10:00:00,1.30948,1.30672,1.30962,1.30566,1.30962,1.30686,1.30976,1.30581,32530
2020-01-27 13:00:00,1.30672,1.30548,1.30755,1.30517,1.30686,1.30561,1.3077,1.30528,55546
2020-01-27 16:00:00,1.30548,1.30458,1.306,1.30395,1.30561,1.30473,1.30612,1.30405,28457
2020-01-27 19:00:00,1.30458,1.30571,1.30579,1.30412,1.30473,1.30592,1.30595,1.30421,13352
2020-01-27 22:00:00,1.30571,1.30575,1.30621,1.30479,1.30592,1.30593,1.30683,1.30528,9821
2020-01-28 01:00:00,1.30575,1.30551,1.30646,1.3053,1.30593,1.30566,1.3066,1.30542,7959
2020-01-28 04:00:00,1.30551,1.30401,1.30584,1.30323,1.30566,1.30418,1.30598,1.30339,11015
2020-01-28 07:00:00,1.30401,1.30292,1.30406,1.30032,1.30418,1.30305,1.3042,1.30047,43109
2020-01-28 10:00:00,1.30292,1.30112,1.30308,1.30025,1.30305,1.30128,1.30321,1.30039,34758
2020-01-28 13:00:00,1.30112,1.29834,1.3018,1.29745,1.30128,1.29844,1.30195,1.29758,53124
2020-01-28 16:00:00,1.29834,1.29976,1.30029,1.29796,1.29844,1.29991,1.30044,1.2981,26349
2020-01-28 19:00:00,1.29976,1.30268,1.30276,1.29936,1.29991,1.30285,1.30292,1.29949,20568
2020-01-28 22:00:00,1.30268,1.30228,1.30292,1.30176,1.30285,1.30245,1.30323,1.30224,6421
2020-01-29 01:00:00,1.30228,1.30184,1.30231,1.30146,1.30245,1.30197,1.30247,1.30159,10825
2020-01-29 04:00:00,1.30184,1.30225,1.30258,1.30161,1.30197,1.30238,1.30275,1.30175,7928
2020-01-29 07:00:00,1.30225,1.30134,1.30259,1.30032,1.30238,1.30148,1.30273,1.30048,34441
2020-01-29 10:00:00,1.30134,1.30076,1.302,1.30029,1.30148,1.30092,1.30216,1.30043,22094
2020-01-29 13:00:00,1.30076,1.30014,1.30166,1.29888,1.30092,1.30028,1.30179,1.29903,46509
2020-01-29 16:00:00,1.30014,1.30099,1.30162,1.29974,1.30028,1.30152,1.30172,1.29986,22765
2020-01-29 19:00:00,1.30099,1.30162,1.30251,1.30079,1.30152,1.3022,1.30267,1.30097,24356
2020-01-29 22:00:00,1.30162,1.30207,1.30247,1.30029,1.3022,1.30222,1.30257,1.30115,6191
2020-01-30 01:00:00,1.30207,1.30158,1.3025,1.30132,1.30222,1.30173,1.30265,1.30148,9424
2020-01-30 04:00:00,1.30158,1.301,1.30173,1.30093,1.30173,1.30117,1.30186,1.30109,7620
2020-01-30 07:00:00,1.301,1.30156,1.3018,1.2977,1.30117,1.30173,1.30196,1.29784,38931
2020-01-30 10:00:00,1.30156,1.30881,1.31017,1.30075,1.30173,1.309,1.31031,1.30088,72598
2020-01-30 13:00:00,1.30881,1.30996,1.3108,1.30744,1.309,1.31009,1.31098,1.30758,76818
2020-01-30 16:00:00,1.30996,1.30834,1.31094,1.30822,1.31009,1.30848,1.3111,1.30836,34014
2020-01-30 19:00:00,1.30834,1.30943,1.30943,1.30792,1.30848,1.30966,1.30968,1.30805,28509
2020-01-30 22:00:00,1.30943,1.31006,1.31011,1.30813,1.30966,1.31026,1.31026,1.3085,9483
2020-01-31 01:00:00,1.31006,1.30934,1.31053,1.30925,1.31026,1.30952,1.31061,1.30937,12509
2020-01-31 04:00:00,1.30934,1.31003,1.3103,1.30926,1.30952,1.31023,1.31044,1.30941,10615
2020-01-31 07:00:00,1.31003,1.31175,1.31403,1.30974,1.31023,1.3119,1.31418,1.30986,43463
2020-01-31 10:00:00,1.31175,1.31214,1.31297,1.30994,1.3119,1.31228,1.31311,1.31008,36870
2020-01-31 13:00:00,1.31214,1.31818,1.31831,1.31199,1.31228,1.31832,1.31843,1.31212,67119
2020-01-31 16:00:00,1.31818,1.3184,1.31993,1.31763,1.31832,1.31852,1.32004,1.31778,44657
2020-01-31 19:00:00,1.3184,1.32003,1.32084,1.31823,1.31852,1.32099,1.32119,1.31838,26363
2020-02-02 19:00:00,1.32003,1.31762,1.3183,1.31674,1.32099,1.31791,1.31951,1.31743,299
2020-02-02 22:00:00,1.31762,1.31757,1.31832,1.31694,1.31791,1.3177,1.31853,1.31764,9688
2020-02-03 01:00:00,1.31757,1.31577,1.31819,1.3155,1.3177,1.31594,1.31834,1.31563,18553
2020-02-03 04:00:00,1.31577,1.31539,1.31691,1.31529,1.31594,1.31553,1.31705,1.31543,12916
2020-02-03 07:00:00,1.31539,1.30806,1.31566,1.3079,1.31553,1.30821,1.3158,1.30805,50826
2020-02-03 10:00:00,1.30806,1.30553,1.30812,1.30454,1.30821,1.30567,1.30825,1.30468,59064
2020-02-03 13:00:00,1.30553,1.3012,1.30643,1.30029,1.30567,1.30134,1.30657,1.30042,69596
2020-02-03 16:00:00,1.3012,1.29936,1.30161,1.29823,1.30134,1.29952,1.30174,1.29838,38444
2020-02-03 19:00:00,1.29936,1.29894,1.30009,1.29859,1.29952,1.30005,1.30021,1.29872,18382
2020-02-03 22:00:00,1.29894,1.29909,1.29985,1.29863,1.30005,1.29924,1.30009,1.29886,8976
2020-02-04 01:00:00,1.29909,1.29987,1.30019,1.29807,1.29924,1.30003,1.30032,1.29817,16334
2020-02-04 04:00:00,1.29987,1.2995,1.30229,1.29949,1.30003,1.29965,1.30242,1.29964,19239
2020-02-04 07:00:00,1.2995,1.30158,1.30248,1.29406,1.29965,1.30175,1.30268,1.29422,69356
2020-02-04 10:00:00,1.30158,1.3011,1.3022,1.30003,1.30175,1.30125,1.30233,1.30013,38902
2020-02-04 13:00:00,1.3011,1.30247,1.30461,1.30084,1.30125,1.30262,1.30476,1.30099,68731
2020-02-04 16:00:00,1.30247,1.30402,1.30437,1.30174,1.30262,1.30417,1.30451,1.30188,27086
2020-02-04 19:00:00,1.30402,1.30296,1.30412,1.30263,1.30417,1.30312,1.30427,1.30277,12628
2020-02-04 22:00:00,1.30296,1.30278,1.30382,1.30259,1.30312,1.30291,1.30424,1.30273,7265
2020-02-05 01:00:00,1.30278,1.30217,1.30277,1.30115,1.30291,1.30232,1.30291,1.3013,13793
2020-02-05 04:00:00,1.30217,1.30168,1.30229,1.30144,1.30232,1.30182,1.30242,1.30157,6858
2020-02-05 07:00:00,1.30168,1.30651,1.30693,1.30082,1.30182,1.30667,1.30707,1.30098,59932
2020-02-05 10:00:00,1.30651,1.30466,1.30666,1.30412,1.30667,1.30479,1.3068,1.30426,38757
2020-02-05 13:00:00,1.30466,1.29833,1.30539,1.29556,1.30479,1.29848,1.30578,1.2957,87066
2020-02-05 16:00:00,1.29833,1.30022,1.30094,1.29804,1.29848,1.30036,1.30109,1.29818,28290
2020-02-05 19:00:00,1.30022,1.29975,1.30022,1.29853,1.30036,1.30025,1.30038,1.29867,15357
2020-02-05 22:00:00,1.29975,1.29862,1.30004,1.29848,1.30025,1.29877,1.30086,1.29862,7543
2020-02-06 01:00:00,1.29862,1.29851,1.29904,1.29819,1.29877,1.29864,1.29918,1.29831,10073
2020-02-06 04:00:00,1.29851,1.29823,1.29874,1.29712,1.29864,1.29834,1.29887,1.29724,12457
2020-02-06 07:00:00,1.29823,1.2974,1.2998,1.29669,1.29834,1.29754,1.29995,1.2968,43467
2020-02-06 10:00:00,1.2974,1.29728,1.29802,1.29518,1.29754,1.2974,1.29816,1.29531,35411
2020-02-06 13:00:00,1.29728,1.29274,1.29786,1.29219,1.2974,1.29288,1.29798,1.29231,60387
2020-02-06 16:00:00,1.29274,1.29266,1.29419,1.29221,1.29288,1.29281,1.29432,1.29233,27951
2020-02-06 19:00:00,1.29266,1.29261,1.29319,1.29205,1.29281,1.29322,1.29373,1.29216,16820
2020-02-06 22:00:00,1.29261,1.29353,1.29357,1.29238,1.29322,1.29369,1.29375,1.29266,6440
2020-02-07 01:00:00,1.29353,1.29373,1.29439,1.29316,1.29369,1.29387,1.29454,1.29329,15673
2020-02-07 04:00:00,1.29373,1.29425,1.29458,1.29343,1.29387,1.29442,1.29472,1.29357,13849
2020-02-07 07:00:00,1.29425,1.29286,1.2945,1.29207,1.29442,1.29302,1.29463,1.29221,58961
2020-02-07 10:00:00,1.29286,1.29461,1.29462,1.29246,1.29302,1.29476,1.29477,1.29255,34286
2020-02-07 13:00:00,1.29461,1.29386,1.29586,1.29213,1.29476,1.29401,1.29598,1.29227,77297
2020-02-07 16:00:00,1.29386,1.28932,1.29399,1.28898,1.29401,1.28941,1.29413,1.28907,36742
2020-02-07 19:00:00,1.28932,1.28823,1.28963,1.28812,1.28941,1.28881,1.2898,1.28829,12448
2020-02-09 19:00:00,1.28823,1.28922,1.2895,1.28802,1.28881,1.29003,1.29003,1.28902,83
2020-02-09 22:00:00,1.28922,1.28929,1.2897,1.28834,1.29003,1.28943,1.29005,1.2886,10346
2020-02-10 01:00:00,1.28929,1.28955,1.29023,1.28906,1.28943,1.28968,1.29036,1.28918,12110
2020-02-10 04:00:00,1.28955,1.29007,1.29082,1.28918,1.28968,1.29022,1.29094,1.28932,9504
2020-02-10 07:00:00,1.29007,1.29104,1.29141,1.28714,1.29022,1.29116,1.29154,1.28728,52498
2020-02-10 10:00:00,1.29104,1.29317,1.29359,1.29074,1.29116,1.29329,1.29373,1.29087,49643
2020-02-10 13:00:00,1.29317,1.29231,1.29455,1.29203,1.29329,1.29246,1.29469,1.29215,57718
2020-02-10 16:00:00,1.29231,1.29159,1.2925,1.29065,1.29246,1.29174,1.29263,1.2908,26423
2020-02-10 19:00:00,1.29159,1.29144,1.29201,1.29074,1.29174,1.29162,1.29215,1.29088,19374
2020-02-10 22:00:00,1.29144,1.29122,1.29162,1.29053,1.29162,1.29136,1.29199,1.29114,7547
2020-02-11 01:00:00,1.29122,1.29169,1.29211,1.29101,1.29136,1.29184,1.29225,1.29114,11749
2020-02-11 04:00:00,1.29169,1.29157,1.29172,1.29105,1.29184,1.29172,1.29185,1.2912,8649
2020-02-11 07:00:00,1.29157,1.29377,1.29421,1.28937,1.29172,1.29391,1.29441,1.2895,52996
2020-02-11 10:00:00,1.29377,1.29323,1.2939,1.29149,1.29391,1.29335,1.29404,1.29163,39428
2020-02-11 13:00:00,1.29323,1.29446,1.29675,1.29259,1.29335,1.2946,1.29689,1.2927,67559
2020-02-11 16:00:00,1.29446,1.29559,1.296,1.29318,1.2946,1.29573,1.29613,1.29334,34513
2020-02-11 19:00:00,1.29559,1.29508,1.29663,1.29507,1.29573,1.29533,1.29672,1.29519,20327
2020-02-11 22:00:00,1.29508,1.29531,1.29576,1.29459,1.29533,1.29547,1.29643,1.29521,5911
2020-02-12 01:00:00,1.29531,1.2959,1.29684,1.29531,1.29547,1.29604,1.297,1.2954,16454
2020-02-12 04:00:00,1.2959,1.29539,1.29649,1.29518,1.29604,1.29556,1.29663,1.2953,12250
2020-02-12 07:00:00,1.29539,1.29802,1.29829,1.29509,1.29556,1.29813,1.29842,1.29522,47963
2020-02-12 10:00:00,1.29802,1.29847,1.29884,1.29689,1.29813,1.29861,1.29898,1.297,36410
2020-02-12 13:00:00,1.29847,1.29739,1.29908,1.29531,1.29861,1.29752,1.29922,1.29544,52602
2020-02-12 16:00:00,1.29739,1.29633,1.29789,1.29623,1.29752,1.29644,1.29802,1.29638,32765
2020-02-12 19:00:00,1.29633,1.29582,1.29668,1.29551,1.29644,1.29607,1.29681,1.29569,23748
2020-02-12 22:00:00,1.29582,1.2953,1.29649,1.29511,1.29607,1.29543,1.29708,1.29529,12680
2020-02-13 01:00:00,1.2953,1.29529,1.29605,1.2952,1.29543,1.29544,1.2962,1.29532,14735
2020-02-13 04:00:00,1.29529,1.29509,1.2955,1.29434,1.29544,1.29522,1.29563,1.29449,13248
2020-02-13 07:00:00,1.29509,1.29711,1.29834,1.29497,1.29522,1.29727,1.29847,1.29505,48296
2020-02-13 10:00:00,1.29711,1.30313,1.3045,1.29614,1.29727,1.30325,1.30463,1.29629,77120
2020-02-13 13:00:00,1.30313,1.30547,1.30687,1.30129,1.30325,1.30559,1.30703,1.3014,67283
2020-02-13 16:00:00,1.30547,1.30515,1.30626,1.30424,1.30559,1.30529,1.30639,1.30438,35998
2020-02-13 19:00:00,1.30515,1.30373,1.30547,1.3037,1.30529,1.30461,1.30562,1.30413,14037
2020-02-13 22:00:00,1.30373,1.30452,1.30481,1.30355,1.30461,1.30463,1.30523,1.30398,10304
2020-02-14 01:00:00,1.30452,1.30411,1.30487,1.30394,1.30463,1.30427,1.30502,1.30409,11913
2020-02-14 04:00:00,1.30411,1.30446,1.30551,1.30398,1.30427,1.30464,1.30565,1.30412,8957
2020-02-14 07:00:00,1.30446,1.30344,1.30629,1.30185,1.30464,1.30363,1.30641,1.302,44450
2020-02-14 10:00:00,1.30344,1.30277,1.30408,1.30205,1.30363,1.30291,1.30423,1.3022,37554
2020-02-14 13:00:00,1.30277,1.30149,1.30308,1.30004,1.30291,1.30163,1.30322,1.30017,55046
2020-02-14 16:00:00,1.30149,1.30384,1.30477,1.30091,1.30163,1.30399,1.3049,1.30107,27124
2020-02-14 19:00:00,1.30384,1.30427,1.30522,1.3029,1.30399,1.30505,1.30538,1.30304,15161
2020-02-16 19:00:00,1.30427,1.30324,1.30401,1.30277,1.30505,1.30448,1.30461,1.30358,94
2020-02-16 22:00:00,1.30324,1.30415,1.30535,1.30326,1.30448,1.30428,1.30551,1.30377,9231
2020-02-17 01:00:00,1.30415,1.30448,1.30491,1.30408,1.30428,1.30465,1.3051,1.30422,9943
2020-02-17 04:00:00,1.30448,1.30387,1.30499,1.30375,1.30465,1.30404,1.30518,1.3039,9348
2020-02-17 07:00:00,1.30387,1.30392,1.30507,1.30285,1.30404,1.30408,1.30522,1.303,31649
2020-02-17 10:00:00,1.30392,1.30131,1.30438,1.30096,1.30408,1.30145,1.30452,1.30109,30606
2020-02-17 13:00:00,1.30131,1.30059,1.30188,1.30023,1.30145,1.3007,1.30203,1.30036,25432
2020-02-17 16:00:00,1.30059,1.3003,1.30152,1.30012,1.3007,1.30053,1.30161,1.30026,18402
2020-02-17 19:00:00,1.3003,1.30033,1.30047,1.29974,1.30053,1.30065,1.30065,1.29994,18668
2020-02-17 22:00:00,1.30033,1.29951,1.3006,1.29928,1.30065,1.29965,1.30131,1.29942,8873
2020-02-18 01:00:00,1.29951,1.30024,1.30049,1.29918,1.29965,1.30038,1.30063,1.29927,13597
2020-02-18 04:00:00,1.30024,1.29859,1.30041,1.2985,1.30038,1.29875,1.30055,1.29865,10367
2020-02-18 07:00:00,1.29859,1.29952,1.30029,1.297,1.29875,1.29969,1.30045,1.29714,52356
2020-02-18 10:00:00,1.29952,1.30316,1.30482,1.29929,1.29969,1.3033,1.30495,1.29944,52904
2020-02-18 13:00:00,1.30316,1.30353,1.30413,1.3016,1.3033,1.30368,1.30422,1.30172,54911
2020-02-18 16:00:00,1.30353,1.29964,1.30369,1.29947,1.30368,1.29976,1.30382,1.29958,33321
2020-02-18 19:00:00,1.29964,1.29945,1.30016,1.29945,1.29976,1.30003,1.3003,1.29964,14716
2020-02-18 22:00:00,1.29945,1.29998,1.30043,1.29919,1.30003,1.30011,1.30059,1.2998,10622
2020-02-19 01:00:00,1.29998,1.29977,1.30028,1.29952,1.30011,1.29991,1.30043,1.29967,14461
2020-02-19 04:00:00,1.29977,1.2994,1.30016,1.29868,1.29991,1.29957,1.30031,1.29881,9390
2020-02-19 07:00:00,1.2994,1.30062,1.30228,1.2974,1.29957,1.30077,1.30241,1.29755,52848
2020-02-19 10:00:00,1.30062,1.29904,1.30092,1.29727,1.30077,1.29918,1.30104,1.29741,45080
2020-02-19 13:00:00,1.29904,1.29499,1.29911,1.29229,1.29918,1.29514,1.29926,1.29242,56779
2020-02-19 16:00:00,1.29499,1.29168,1.29535,1.29141,1.29514,1.29177,1.29547,1.29155,30536
2020-02-19 19:00:00,1.29168,1.29153,1.2929,1.29068,1.29177,1.29288,1.29305,1.29079,24409
2020-02-19 22:00:00,1.29153,1.29265,1.29278,1.29133,1.29288,1.29281,1.29293,1.29193,9824
2020-02-20 01:00:00,1.29265,1.29076,1.29271,1.29002,1.29281,1.2909,1.29281,1.29018,20392
2020-02-20 04:00:00,1.29076,1.29028,1.29135,1.28997,1.2909,1.29048,1.29151,1.2901,12102
2020-02-20 07:00:00,1.29028,1.29016,1.29257,1.28828,1.29048,1.2903,1.29267,1.2884,56227
2020-02-20 10:00:00,1.29016,1.28643,1.29065,1.28486,1.2903,1.28659,1.29081,1.285,59411
2020-02-20 13:00:00,1.28643,1.288,1.28836,1.28483,1.28659,1.28811,1.28849,1.28496,57842
2020-02-20 16:00:00,1.288,1.28794,1.2888,1.28705,1.28811,1.28809,1.28894,1.28717,37028
2020-02-20 19:00:00,1.28794,1.28812,1.28879,1.28751,1.28809,1.28866,1.28893,1.28762,17387
2020-02-20 22:00:00,1.28812,1.28809,1.28872,1.28734,1.28866,1.28823,1.28937,1.28798,10363
2020-02-21 01:00:00,1.28809,1.28933,1.2894,1.28801,1.28823,1.28948,1.28955,1.28816,18085
2020-02-21 04:00:00,1.28933,1.28923,1.28985,1.28879,1.28948,1.2894,1.29001,1.28894,12871
2020-02-21 07:00:00,1.28923,1.29159,1.2927,1.28842,1.2894,1.2917,1.29287,1.28854,70179
2020-02-21 10:00:00,1.29159,1.29268,1.29509,1.29072,1.2917,1.29281,1.29522,1.29086,58376
2020-02-21 13:00:00,1.29268,1.29618,1.2977,1.29249,1.29281,1.29632,1.29784,1.29262,73302
2020-02-21 16:00:00,1.29618,1.29782,1.29804,1.29564,1.29632,1.29796,1.29817,1.29576,35000
2020-02-21 19:00:00,1.29782,1.29534,1.29793,1.29534,1.29796,1.2963,1.29806,1.29565,19467
2020-02-23 19:00:00,1.29534,1.29444,1.29569,1.29344,1.2963,1.29485,1.29603,1.29428,258
2020-02-23 22:00:00,1.29444,1.29454,1.29542,1.29424,1.29485,1.29468,1.29574,1.2945,13097
2020-02-24 01:00:00,1.29454,1.29337,1.29509,1.29332,1.29468,1.29352,1.29522,1.29346,15442
2020-02-24 04:00:00,1.29337,1.29418,1.29426,1.29335,1.29352,1.29433,1.29441,1.29348,16656
2020-02-24 07:00:00,1.29418,1.28957,1.29539,1.28862,1.29433,1.28972,1.29552,1.28875,73906
2020-02-24 10:00:00,1.28957,1.2921,1.29212,1.2886,1.28972,1.29226,1.29227,1.28872,47876
2020-02-24 13:00:00,1.2921,1.29228,1.29321,1.28991,1.29226,1.29244,1.29334,1.29002,71330
2020-02-24 16:00:00,1.29228,1.29288,1.2937,1.29153,1.29244,1.29303,1.29383,1.29167,40903
2020-02-24 19:00:00,1.29288,1.29253,1.29316,1.29122,1.29303,1.2936,1.29366,1.29137,31793
2020-02-24 22:00:00,1.29253,1.29226,1.2931,1.29153,1.2936,1.29243,1.29364,1.29176,13146
2020-02-25 01:00:00,1.29226,1.29379,1.29415,1.29134,1.29243,1.29395,1.29431,1.29151,20327
2020-02-25 04:00:00,1.29379,1.29372,1.2942,1.29271,1.29395,1.29388,1.29437,1.29283,16579
2020-02-25 07:00:00,1.29372,1.29936,1.29947,1.29282,1.29388,1.29953,1.29963,1.29297,68911
2020-02-25 10:00:00,1.29936,1.29529,1.29936,1.29519,1.29953,1.29545,1.29951,1.29533,57661
2020-02-25 13:00:00,1.29529,1.30152,1.30171,1.29527,1.29545,1.30166,1.30186,1.29542,82604
2020-02-25 16:00:00,1.30152,1.30048,1.3017,1.29953,1.30166,1.30062,1.30184,1.29967,48406
2020-02-25 19:00:00,1.30048,1.30044,1.30131,1.29938,1.30062,1.30061,1.30145,1.29952,28558
2020-02-25 22:00:00,1.30044,1.29985,1.30049,1.29893,1.30061,1.30002,1.30153,1.29944,12991
2020-02-26 01:00:00,1.29985,1.29919,1.30075,1.29906,1.30002,1.29931,1.3009,1.29921,21334
2020-02-26 04:00:00,1.29919,1.29842,1.29975,1.29772,1.29931,1.29859,1.29991,1.29787,19259
2020-02-26 07:00:00,1.29842,1.29491,1.29939,1.29421,1.29859,1.29508,1.29956,1.29434,74872
2020-02-26 10:00:00,1.29491,1.29274,1.295,1.29132,1.29508,1.29289,1.29515,1.29144,68837
2020-02-26 13:00:00,1.29274,1.2916,1.29498,1.29117,1.29289,1.29175,1.29513,1.29129,76264
2020-02-26 16:00:00,1.2916,1.29024,1.29296,1.28993,1.29175,1.29038,1.29309,1.29003,50687
2020-02-26 19:00:00,1.29024,1.28955,1.29166,1.2893,1.29038,1.29082,1.29182,1.28969,33742
2020-02-26 22:00:00,1.28955,1.29148,1.29199,1.28939,1.29082,1.29163,1.29215,1.2899,26046
2020-02-27 01:00:00,1.29148,1.29229,1.29272,1.29092,1.29163,1.29246,1.29287,1.29109,24160
2020-02-27 04:00:00,1.29229,1.29317,1.29374,1.29173,1.29246,1.29334,1.29389,1.29189,23607
2020-02-27 07:00:00,1.29317,1.29027,1.29459,1.29018,1.29334,1.29041,1.29474,1.29032,72463
2020-02-27 10:00:00,1.29027,1.28922,1.29027,1.28595,1.29041,1.28939,1.29039,1.28609,82047
2020-02-27 13:00:00,1.28922,1.28719,1.2917,1.28667,1.28939,1.28735,1.29182,1.2868,109464
2020-02-27 16:00:00,1.28719,1.28891,1.28937,1.28637,1.28735,1.28905,1.2895,1.28647,65597
2020-02-27 19:00:00,1.28891,1.28857,1.28943,1.28829,1.28905,1.28918,1.28955,1.28843,33030
2020-02-27 22:00:00,1.28857,1.28936,1.2896,1.28749,1.28918,1.28951,1.28997,1.28828,19051
2020-02-28 01:00:00,1.28936,1.28736,1.28949,1.287,1.28951,1.28749,1.28965,1.2871,26842
2020-02-28 04:00:00,1.28736,1.28787,1.28961,1.287,1.28749,1.28806,1.28974,1.28716,31397
2020-02-28 07:00:00,1.28787,1.29042,1.2919,1.2859,1.28806,1.29056,1.29203,1.28604,94600
2020-02-28 10:00:00,1.29042,1.28741,1.29067,1.2865,1.29056,1.28754,1.29082,1.28662,83549
2020-02-28 13:00:00,1.28741,1.2773,1.28769,1.27594,1.28754,1.27742,1.28782,1.27603,110792
2020-02-28 16:00:00,1.2773,1.27542,1.27912,1.27252,1.27742,1.27557,1.27927,1.27266,106695
2020-02-28 19:00:00,1.27542,1.28126,1.28321,1.27538,1.27557,1.2822,1.28339,1.27552,62071
2020-03-01 19:00:00,1.28126,1.27824,1.27923,1.27597,1.2822,1.27955,1.27977,1.27655,560
2020-03-01 22:00:00,1.27824,1.28093,1.28244,1.27837,1.27955,1.28112,1.28294,1.27931,25648
2020-03-02 01:00:00,1.28093,1.28358,1.2837,1.28092,1.28112,1.28376,1.28385,1.28112,32729
2020-03-02 04:00:00,1.28358,1.28352,1.28501,1.28194,1.28376,1.28369,1.28516,1.2821,29202
2020-03-02 07:00:00,1.28352,1.2765,1.28438,1.27549,1.28369,1.27662,1.28453,1.27562,119521
2020-03-02 10:00:00,1.2765,1.27527,1.27997,1.27452,1.27662,1.2754,1.28004,1.27467,93837
2020-03-02 13:00:00,1.27527,1.27462,1.27921,1.27391,1.2754,1.27474,1.27933,1.27407,121869
2020-03-02 16:00:00,1.27462,1.27794,1.28244,1.27418,1.27474,1.2781,1.28258,1.2743,80283
2020-03-02 19:00:00,1.27794,1.27527,1.27839,1.27495,1.2781,1.27563,1.27853,1.27511,37301
2020-03-02 22:00:00,1.27527,1.27714,1.27765,1.2739,1.27563,1.27731,1.27779,1.27431,14188
2020-03-03 01:00:00,1.27714,1.27749,1.27801,1.27577,1.27731,1.27764,1.27817,1.27592,21467
2020-03-03 04:00:00,1.27749,1.27958,1.27967,1.27735,1.27764,1.27974,1.27985,1.27751,20711
2020-03-03 07:00:00,1.27958,1.27782,1.28124,1.2762,1.27974,1.27814,1.28139,1.27635,87247
2020-03-03 10:00:00,1.27782,1.27774,1.28149,1.27711,1.27814,1.27787,1.28159,1.27725,97700
2020-03-03 13:00:00,1.27774,1.28177,1.28324,1.2767,1.27787,1.28187,1.28334,1.27684,163177
2020-03-03 16:00:00,1.28177,1.28016,1.28434,1.27936,1.28187,1.2803,1.28444,1.27951,85665
2020-03-03 19:00:00,1.28016,1.28113,1.28159,1.27963,1.2803,1.28195,1.28195,1.27978,50318
2020-03-03 22:00:00,1.28113,1.28257,1.28303,1.28026,1.28195,1.28272,1.28327,1.28127,14806
2020-03-04 01:00:00,1.28257,1.28126,1.28298,1.28084,1.28272,1.28143,1.2831,1.28099,16029
2020-03-04 04:00:00,1.28126,1.28108,1.28185,1.28058,1.28143,1.28123,1.28201,1.28072,10106
2020-03-04 07:00:00,1.28108,1.27828,1.28126,1.2777,1.28123,1.27842,1.28142,1.27785,70408
2020-03-04 10:00:00,1.27828,1.27987,1.28272,1.27694,1.27842,1.28002,1.28286,1.2771,90936
2020-03-04 13:00:00,1.27987,1.28192,1.28318,1.27966,1.28002,1.28208,1.28332,1.27981,95145
2020-03-04 16:00:00,1.28192,1.28649,1.2869,1.27991,1.28208,1.28661,1.28704,1.28008,61133
2020-03-04 19:00:00,1.28649,1.28706,1.28719,1.28604,1.28661,1.28722,1.28735,1.28618,18807
2020-03-04 22:00:00,1.28706,1.28677,1.28742,1.28628,1.28722,1.28694,1.28758,1.28675,10197
2020-03-05 01:00:00,1.28677,1.28694,1.28722,1.28602,1.28694,1.28709,1.28734,1.28616,10473
2020-03-05 04:00:00,1.28694,1.28764,1.28887,1.28678,1.28709,1.2878,1.28901,1.2869,10685
2020-03-05 07:00:00,1.28764,1.29185,1.29226,1.28666,1.2878,1.29199,1.29239,1.28679,57811
2020-03-05 10:00:00,1.29185,1.29127,1.29357,1.28993,1.29199,1.29143,1.29374,1.29007,66579
2020-03-05 13:00:00,1.29127,1.29262,1.29334,1.29044,1.29143,1.29277,1.29347,1.29058,80900
2020-03-05 16:00:00,1.29262,1.29345,1.29465,1.29172,1.29277,1.2936,1.29477,1.29188,54100
2020-03-05 19:00:00,1.29345,1.29467,1.29679,1.29342,1.2936,1.29601,1.29695,1.29357,34334
2020-03-05 22:00:00,1.29467,1.29544,1.29579,1.29451,1.29601,1.2956,1.29639,1.29493,14411
2020-03-06 01:00:00,1.29544,1.29586,1.2965,1.29515,1.2956,1.29605,1.29665,1.29526,22155
2020-03-06 04:00:00,1.29586,1.29623,1.29651,1.29485,1.29605,1.2964,1.29667,1.29497,16639
2020-03-06 07:00:00,1.29623,1.29877,1.29974,1.29577,1.2964,1.29894,1.2999,1.29595,85994
2020-03-06 10:00:00,1.29877,1.29916,1.30258,1.29847,1.29894,1.29935,1.30274,1.29864,109321
2020-03-06 13:00:00,1.29916,1.30285,1.30487,1.29862,1.29935,1.303,1.30501,1.29876,163955
2020-03-06 16:00:00,1.30285,1.30006,1.30442,1.29904,1.303,1.30019,1.30453,1.2992,77469
2020-03-06 19:00:00,1.30006,1.30443,1.30524,1.29985,1.30019,1.30536,1.3054,1.3,49497
2020-03-08 18:00:00,1.30443,1.30747,1.30937,1.30532,1.30536,1.3081,1.30985,1.30569,801
2020-03-08 21:00:00,1.30747,1.30956,1.31054,1.30712,1.3081,1.30975,1.31071,1.30761,32045
2020-03-09 00:00:00,1.30956,1.30668,1.31249,1.30615,1.30975,1.30695,1.31314,1.3065,69860
2020-03-09 03:00:00,1.30668,1.3052,1.30864,1.30466,1.30695,1.30541,1.30889,1.30487,50000
2020-03-09 06:00:00,1.3052,1.31424,1.31996,1.3034,1.30541,1.31442,1.32012,1.30358,174044
2020-03-09 09:00:00,1.31424,1.30953,1.3151,1.30619,1.31442,1.30972,1.31528,1.30631,128108
2020-03-09 12:00:00,1.30953,1.31349,1.3135,1.30837,1.30972,1.31365,1.31368,1.3086,190837
2020-03-09 15:00:00,1.31349,1.31204,1.31496,1.30901,1.31365,1.31221,1.3151,1.3092,145207
2020-03-09 18:00:00,1.31204,1.31222,1.31312,1.30944,1.31221,1.3129,1.31334,1.30961,84534
2020-03-09 21:00:00,1.31222,1.3072,1.31279,1.30703,1.3129,1.3074,1.31331,1.30731,20526
2020-03-10 00:00:00,1.3072,1.30704,1.30879,1.30398,1.3074,1.30727,1.30901,1.30422,48371
2020-03-10 03:00:00,1.30704,1.30253,1.30732,1.30218,1.30727,1.30271,1.3075,1.30239,44945
2020-03-10 06:00:00,1.30253,1.30583,1.30795,1.30159,1.30271,1.30601,1.30813,1.30175,129177
2020-03-10 09:00:00,1.30583,1.30369,1.30704,1.30202,1.30601,1.30385,1.30723,1.30217,127409
2020-03-10 12:00:00,1.30369,1.30068,1.30446,1.29896,1.30385,1.30083,1.3046,1.29911,151979
2020-03-10 15:00:00,1.30068,1.29255,1.30071,1.28993,1.30083,1.2927,1.30088,1.2901,158921
2020-03-10 18:00:00,1.29255,1.29019,1.29283,1.2881,1.2927,1.29157,1.293,1.28826,79700
2020-03-10 21:00:00,1.29019,1.29044,1.29147,1.28645,1.29157,1.29066,1.29223,1.28701,13108
2020-03-11 00:00:00,1.29044,1.29101,1.29138,1.28973,1.29066,1.29119,1.29157,1.28995,26311
2020-03-11 03:00:00,1.29101,1.2931,1.29348,1.29065,1.29119,1.29327,1.2936,1.2908,22863
2020-03-11 06:00:00,1.2931,1.29309,1.2954,1.28266,1.29327,1.29328,1.29556,1.28297,112838
2020-03-11 09:00:00,1.29309,1.2917,1.29761,1.29108,1.29328,1.29186,1.29778,1.29124,66335
2020-03-11 12:00:00,1.2917,1.29333,1.29637,1.29046,1.29186,1.2935,1.29651,1.29061,117142
2020-03-11 15:00:00,1.29333,1.28488,1.29356,1.28458,1.2935,1.28502,1.2937,1.28467,110787
2020-03-11 18:00:00,1.28488,1.28138,1.28498,1.28043,1.28502,1.28268,1.28513,1.28051,67466
2020-03-11 21:00:00,1.28138,1.28168,1.28225,1.28096,1.28268,1.28183,1.28322,1.2812,12251
2020-03-12 00:00:00,1.28168,1.28247,1.28484,1.28149,1.28183,1.28265,1.28502,1.28161,56410
2020-03-12 03:00:00,1.28247,1.28198,1.28302,1.2809,1.28265,1.28218,1.28318,1.28113,32837
2020-03-12 06:00:00,1.28198,1.27725,1.28279,1.27656,1.28218,1.2774,1.28297,1.27672,83110
2020-03-12 09:00:00,1.27725,1.27302,1.27781,1.27182,1.2774,1.27325,1.27796,1.27198,87333
2020-03-12 12:00:00,1.27302,1.26243,1.2747,1.25824,1.27325,1.26258,1.27483,1.25847,224732
2020-03-12 15:00:00,1.26243,1.26205,1.26288,1.24898,1.26258,1.26228,1.26298,1.24917,200659
2020-03-12 18:00:00,1.26205,1.25653,1.26406,1.25469,1.26228,1.2571,1.26428,1.25494,97690
2020-03-12 21:00:00,1.25653,1.25713,1.25922,1.25574,1.2571,1.25732,1.25982,1.25591,40075
2020-03-13 00:00:00,1.25713,1.25499,1.25733,1.2507,1.25732,1.25522,1.25765,1.25097,82491
2020-03-13 03:00:00,1.25499,1.25539,1.25698,1.25239,1.25522,1.25558,1.25724,1.25257,65582
2020-03-13 06:00:00,1.25539,1.25921,1.26235,1.25451,1.25558,1.25939,1.26258,1.25474,125228
2020-03-13 09:00:00,1.25921,1.2518,1.26237,1.25025,1.25939,1.25203,1.26258,1.25046,89822
2020-03-13 12:00:00,1.2518,1.25151,1.25273,1.24537,1.25203,1.25169,1.25292,1.2455,200209
2020-03-13 15:00:00,1.25151,1.2347,1.25181,1.23327,1.25169,1.23491,1.25199,1.2335,190604
2020-03-13 18:00:00,1.2347,1.22764,1.23614,1.22584,1.23491,1.22856,1.23645,1.22651,86664
2020-03-15 18:00:00,1.22764,1.22634,1.22856,1.22523,1.22856,1.227,1.22918,1.22629,419
2020-03-15 21:00:00,1.22634,1.23965,1.24224,1.22614,1.227,1.24007,1.2431,1.22693,54218
2020-03-16 00:00:00,1.23965,1.23196,1.23985,1.22836,1.24007,1.23222,1.24016,1.22866,80917
2020-03-16 03:00:00,1.23196,1.23423,1.23578,1.23122,1.23222,1.23452,1.23608,1.23141,28117
2020-03-16 06:00:00,1.23423,1.23609,1.23729,1.22789,1.23452,1.23624,1.23761,1.22811,152345
2020-03-16 09:00:00,1.23609,1.23306,1.23615,1.22583,1.23624,1.23325,1.23649,1.22602,142145
2020-03-16 12:00:00,1.23306,1.22798,1.23405,1.22143,1.23325,1.22817,1.23446,1.22163,246601
2020-03-16 15:00:00,1.22798,1.22333,1.23293,1.22015,1.22817,1.22351,1.23306,1.22028,150664
2020-03-16 18:00:00,1.22333,1.22683,1.22734,1.22058,1.22351,1.22731,1.22761,1.22075,97783
2020-03-16 21:00:00,1.22683,1.22641,1.22727,1.22315,1.22731,1.22685,1.22765,1.2244,115192
2020-03-17 00:00:00,1.22641,1.22435,1.22691,1.22299,1.22685,1.22488,1.22726,1.22359,165241
2020-03-17 03:00:00,1.22435,1.22386,1.22653,1.22366,1.22488,1.22412,1.2268,1.2239,103860
2020-03-17 06:00:00,1.22386,1.2206,1.22421,1.21916,1.22412,1.22075,1.22447,1.21936,150648
2020-03-17 09:00:00,1.2206,1.21101,1.22169,1.20834,1.22075,1.21118,1.22188,1.20853,130250
2020-03-17 12:00:00,1.21101,1.20456,1.21131,1.20284,1.21118,1.20476,1.2115,1.20298,211206
2020-03-17 15:00:00,1.20456,1.20876,1.20967,1.20009,1.20476,1.20888,1.20984,1.20022,175331
2020-03-17 18:00:00,1.20876,1.2051,1.21145,1.20419,1.20888,1.20575,1.21157,1.20435,57626
2020-03-17 21:00:00,1.2051,1.21155,1.21206,1.20478,1.20575,1.21178,1.21224,1.2055,28943
2020-03-18 00:00:00,1.21155,1.21204,1.21286,1.20979,1.21178,1.21225,1.21306,1.20993,38706
2020-03-18 03:00:00,1.21204,1.20997,1.21274,1.20997,1.21225,1.21017,1.21297,1.21014,37928
2020-03-18 06:00:00,1.20997,1.20174,1.21043,1.20074,1.21017,1.20194,1.21076,1.20088,120982
2020-03-18 09:00:00,1.20174,1.19174,1.20437,1.18709,1.20194,1.19198,1.20454,1.18732,176376
2020-03-18 12:00:00,1.19174,1.17855,1.19175,1.1756,1.19198,1.17875,1.19199,1.17595,187893
2020-03-18 15:00:00,1.17855,1.16367,1.17992,1.14471,1.17875,1.16412,1.18005,1.14527,204108
2020-03-18 18:00:00,1.16367,1.16155,1.16612,1.1533,1.16412,1.16287,1.16641,1.1535,101173
2020-03-18 21:00:00,1.16155,1.16074,1.16607,1.1488,1.16287,1.16116,1.16663,1.14933,50475
2020-03-19 00:00:00,1.16074,1.14842,1.16214,1.14757,1.16116,1.14876,1.16263,1.14796,76180
2020-03-19 03:00:00,1.14842,1.14984,1.15135,1.14714,1.14876,1.15013,1.15167,1.14746,53111
2020-03-19 06:00:00,1.14984,1.15379,1.16083,1.14734,1.15013,1.15407,1.16117,1.14758,123232
2020-03-19 09:00:00,1.15379,1.15394,1.15873,1.14858,1.15407,1.15418,1.15898,1.14865,169358
2020-03-19 12:00:00,1.15394,1.17119,1.17168,1.15296,1.15418,1.17141,1.17189,1.15314,273984
2020-03-19 15:00:00,1.17119,1.15539,1.17922,1.15174,1.17141,1.15562,1.17957,1.15203,217943
2020-03-19 18:00:00,1.15539,1.14841,1.15879,1.14751,1.15562,1.1487,1.15886,1.14796,103694
2020-03-19 21:00:00,1.14841,1.14894,1.15059,1.14092,1.1487,1.14935,1.15107,1.14146,54986
2020-03-20 00:00:00,1.14894,1.16269,1.16584,1.14757,1.14935,1.16307,1.16629,1.14798,46492
2020-03-20 03:00:00,1.16269,1.16571,1.16737,1.15986,1.16307,1.16605,1.16768,1.16009,44188
2020-03-20 06:00:00,1.16571,1.1867,1.1878,1.16397,1.16605,1.18699,1.18794,1.16441,186964
2020-03-20 09:00:00,1.1867,1.1748,1.18734,1.17124,1.18699,1.17491,1.1876,1.17149,149061
2020-03-20 12:00:00,1.1748,1.18743,1.19331,1.17416,1.17491,1.18766,1.19363,1.17442,202039
2020-03-20 15:00:00,1.18743,1.1625,1.18919,1.16134,1.18766,1.16286,1.18953,1.16173,197454
2020-03-20 18:00:00,1.1625,1.16581,1.16602,1.15541,1.16286,1.167,1.16718,1.15565,69548
2020-03-22 18:00:00,1.16581,1.16691,1.17423,1.1617,1.167,1.16797,1.17484,1.16284,278
2020-03-22 21:00:00,1.16691,1.16152,1.16788,1.15296,1.16797,1.16253,1.16857,1.15339,45883
2020-03-23 00:00:00,1.16152,1.16494,1.16529,1.15756,1.16253,1.16539,1.1658,1.15827,52374
2020-03-23 03:00:00,1.16494,1.16868,1.16957,1.16402,1.16539,1.16902,1.16988,1.16434,43287
2020-03-23 06:00:00,1.16868,1.16264,1.17132,1.16008,1.16902,1.16286,1.1717,1.1603,206424
2020-03-23 09:00:00,1.16264,1.15154,1.16271,1.15053,1.16286,1.15173,1.1629,1.15075,126886
2020-03-23 12:00:00,1.15154,1.16131,1.16748,1.15139,1.15173,1.1616,1.1677,1.1516,218868
2020-03-23 15:00:00,1.16131,1.15551,1.16202,1.14452,1.1616,1.15582,1.16218,1.14484,196413
2020-03-23 18:00:00,1.15551,1.154,1.15554,1.14664,1.15582,1.15529,1.15583,1.1468,96254
2020-03-23 21:00:00,1.154,1.15954,1.15955,1.14758,1.15529,1.15978,1.15983,1.1487,36173
2020-03-24 00:00:00,1.15954,1.16395,1.1657,1.15776,1.15978,1.16415,1.16609,1.15819,65050
2020-03-24 03:00:00,1.16395,1.16079,1.16466,1.16025,1.16415,1.16125,1.16498,1.16043,67088
2020-03-24 06:00:00,1.16079,1.16643,1.16914,1.1608,1.16125,1.16669,1.16962,1.16125,91630
2020-03-24 09:00:00,1.16643,1.17474,1.17886,1.16481,1.16669,1.1749,1.1791,1.16503,103526
2020-03-24 12:00:00,1.17474,1.17024,1.17842,1.16826,1.1749,1.17053,1.17858,1.16846,190563
2020-03-24 15:00:00,1.17024,1.17223,1.17988,1.17003,1.17053,1.17246,1.18012,1.17025,168883
2020-03-24 18:00:00,1.17223,1.1752,1.17776,1.17114,1.17246,1.17647,1.17815,1.17134,85510
2020-03-24 21:00:00,1.1752,1.17882,1.17939,1.17414,1.17647,1.17905,1.17971,1.1754,14010
2020-03-25 00:00:00,1.17882,1.18153,1.18159,1.1753,1.17905,1.18183,1.18184,1.17567,37821
2020-03-25 03:00:00,1.18153,1.18471,1.18591,1.1786,1.18183,1.18508,1.18604,1.17879,35481
2020-03-25 06:00:00,1.18471,1.19218,1.19281,1.18112,1.18508,1.19251,1.19302,1.18156,70657
2020-03-25 09:00:00,1.19218,1.18815,1.19726,1.18523,1.19251,1.18841,1.1975,1.18564,104383
2020-03-25 12:00:00,1.18815,1.16975,1.18901,1.16798,1.18841,1.16991,1.18922,1.16823,166503
2020-03-25 15:00:00,1.16975,1.18071,1.18455,1.16378,1.16991,1.18101,1.1847,1.16398,156855
2020-03-25 18:00:00,1.18071,1.18787,1.19156,1.17973,1.18101,1.18905,1.19175,1.17983,63445
2020-03-25 21:00:00,1.18787,1.18463,1.18803,1.17762,1.18905,1.18505,1.18936,1.17779,81689
2020-03-26 00:00:00,1.18463,1.18549,1.18843,1.18181,1.18505,1.18596,1.18894,1.18227,64097
2020-03-26 03:00:00,1.18549,1.18489,1.18716,1.1841,1.18596,1.18528,1.18766,1.18443,23005
2020-03-26 06:00:00,1.18489,1.19191,1.19603,1.18173,1.18528,1.19229,1.19616,1.18214,65014
2020-03-26 09:00:00,1.19191,1.19614,1.20009,1.18658,1.19229,1.19754,1.20031,1.18682,78467
2020-03-26 12:00:00,1.19614,1.20519,1.20672,1.19305,1.19754,1.20549,1.20711,1.19328,156345
2020-03-26 15:00:00,1.20519,1.21457,1.21805,1.20248,1.20549,1.21478,1.21828,1.20276,127524
2020-03-26 18:00:00,1.21457,1.21994,1.22289,1.21248,1.21478,1.22113,1.22303,1.21273,79421
2020-03-26 21:00:00,1.21994,1.21909,1.22059,1.21297,1.22113,1.21952,1.22139,1.21341,37498
2020-03-27 00:00:00,1.21909,1.22537,1.22624,1.21642,1.21952,1.22567,1.22664,1.2167,38085
2020-03-27 03:00:00,1.22537,1.22677,1.2305,1.22311,1.22567,1.22717,1.23083,1.22358,47278
2020-03-27 06:00:00,1.22677,1.21603,1.22886,1.21433,1.22717,1.21635,1.22914,1.21462,65599
2020-03-27 09:00:00,1.21603,1.22202,1.22972,1.21585,1.21635,1.22224,1.22979,1.21621,99534
2020-03-27 12:00:00,1.22202,1.22894,1.2295,1.22051,1.22224,1.22926,1.22972,1.22075,129143
2020-03-27 15:00:00,1.22894,1.24117,1.24395,1.22763,1.22926,1.24136,1.2442,1.22785,153976
2020-03-27 18:00:00,1.24117,1.24485,1.24848,1.24112,1.24136,1.24624,1.24874,1.24131,84218
2020-03-29 18:00:00,1.24485,1.2399,1.24444,1.24154,1.24624,1.24037,1.24487,1.24235,29
2020-03-29 21:00:00,1.24171,1.2433,1.24546,1.23909,1.24299,1.2437,1.24596,1.23942,24073
2020-03-30 00:00:00,1.24499,1.2387,1.24663,1.23791,1.2453,1.23888,1.24688,1.23814,31502
2020-03-30 03:00:00,1.2387,1.24135,1.24199,1.236,1.23888,1.24167,1.24224,1.23621,20396
2020-03-30 06:00:00,1.24135,1.23865,1.24263,1.23167,1.24167,1.23878,1.24281,1.23185,89297
2020-03-30 09:00:00,1.23865,1.24266,1.24408,1.23639,1.23878,1.24287,1.24428,1.23663,69778
2020-03-30 12:00:00,1.24266,1.24172,1.24407,1.23718,1.24287,1.24187,1.24427,1.23727,120198
2020-03-30 15:00:00,1.24172,1.23764,1.24196,1.2353,1.24187,1.23781,1.24217,1.23547,79435
2020-03-30 18:00:00,1.23764,1.24153,1.2428,1.23705,1.23781,1.24293,1.24304,1.23724,53859
2020-03-30 21:00:00,1.24153,1.23672,1.24043,1.23451,1.24293,1.23707,1.24086,1.23482,18889
2020-03-31 00:00:00,1.23672,1.23371,1.23885,1.22406,1.23707,1.23407,1.23924,1.22439,54470
2020-03-31 03:00:00,1.23371,1.23398,1.23519,1.23237,1.23407,1.23462,1.2355,1.23264,22515
2020-03-31 06:00:00,1.23398,1.23097,1.23632,1.2284,1.23462,1.23123,1.23664,1.22863,75583
2020-03-31 09:00:00,1.23097,1.23498,1.23738,1.23095,1.23123,1.23521,1.23752,1.23123,84916
2020-03-31 12:00:00,1.23498,1.24036,1.245,1.23448,1.23521,1.24055,1.24513,1.23468,151320
2020-03-31 15:00:00,1.24036,1.24058,1.24721,1.23574,1.24055,1.24077,1.24738,1.23593,145181
2020-03-31 18:00:00,1.24058,1.2408,1.24505,1.23956,1.24077,1.24208,1.24524,1.23981,65799
2020-03-31 21:00:00,1.2408,1.24039,1.24429,1.23942,1.24208,1.2409,1.24517,1.23979,9080
2020-04-01 00:00:00,1.24039,1.23912,1.24251,1.23613,1.2409,1.23943,1.24288,1.23642,38856
2020-04-01 03:00:00,1.23912,1.23824,1.23968,1.23687,1.23943,1.23853,1.23997,1.23705,26663
2020-04-01 06:00:00,1.23824,1.23698,1.23831,1.23295,1.23853,1.23716,1.23867,1.23313,74785
2020-04-01 09:00:00,1.23698,1.23814,1.23973,1.23476,1.23716,1.23839,1.23989,1.23495,62606
2020-04-01 12:00:00,1.23814,1.24243,1.24384,1.23573,1.23839,1.24248,1.244,1.23585,84067
2020-04-01 15:00:00,1.24243,1.2396,1.24249,1.23721,1.24248,1.23979,1.24254,1.2374,63793
2020-04-01 18:00:00,1.2396,1.23694,1.24166,1.23611,1.23979,1.2376,1.24186,1.23652,51726
2020-04-01 21:00:00,1.23694,1.2379,1.24023,1.23676,1.2376,1.23824,1.24133,1.23772,8718
2020-04-02 00:00:00,1.2379,1.2383,1.2408,1.23729,1.23824,1.23848,1.24106,1.23754,22905
2020-04-02 03:00:00,1.2383,1.24089,1.2411,1.23757,1.23848,1.24113,1.24123,1.23781,12586
2020-04-02 06:00:00,1.24089,1.24236,1.24314,1.23863,1.24113,1.24252,1.24333,1.23881,54488
2020-04-02 09:00:00,1.24236,1.24277,1.24748,1.24072,1.24252,1.24293,1.24762,1.24091,62227
2020-04-02 12:00:00,1.24277,1.23738,1.24548,1.2351,1.24293,1.2376,1.24558,1.23529,117756
2020-04-02 15:00:00,1.23738,1.23638,1.24121,1.23466,1.2376,1.23657,1.24134,1.23484,85059
2020-04-02 18:00:00,1.23638,1.23915,1.24184,1.2357,1.23657,1.24016,1.242,1.2359,47973
2020-04-02 21:00:00,1.23915,1.23899,1.24024,1.23804,1.24016,1.23927,1.24149,1.23835,7752
2020-04-03 00:00:00,1.23899,1.23791,1.23929,1.23712,1.23927,1.23807,1.23952,1.23738,21461
2020-04-03 03:00:00,1.23791,1.23868,1.23888,1.23659,1.23807,1.23891,1.23909,1.2368,21057
2020-04-03 06:00:00,1.23868,1.23002,1.2395,1.22818,1.23891,1.23027,1.23965,1.22836,60789
2020-04-03 09:00:00,1.23002,1.22885,1.23043,1.22609,1.23027,1.22908,1.23065,1.22627,66594
2020-04-03 12:00:00,1.22885,1.22561,1.23001,1.22193,1.22908,1.22582,1.23019,1.22198,88152
2020-04-03 15:00:00,1.22561,1.22569,1.22603,1.22047,1.22582,1.22585,1.22621,1.22061,69222
2020-04-03 18:00:00,1.22569,1.22625,1.22874,1.22505,1.22585,1.22715,1.22892,1.22524,41103
2020-04-05 18:00:00,1.22625,1.22267,1.22473,1.2207,1.22715,1.223,1.22597,1.2214,83
2020-04-05 21:00:00,1.22132,1.22163,1.22632,1.22098,1.22247,1.22192,1.22666,1.22125,14538
2020-04-06 00:00:00,1.22163,1.22341,1.22522,1.22091,1.22192,1.22369,1.22546,1.22112,24833
2020-04-06 03:00:00,1.22341,1.22452,1.22476,1.22151,1.22369,1.22479,1.22499,1.22167,18508
2020-04-06 06:00:00,1.22452,1.23098,1.23212,1.2242,1.22479,1.23116,1.23228,1.22441,55932
2020-04-06 09:00:00,1.23098,1.23112,1.23265,1.22892,1.23116,1.23131,1.23281,1.22912,51194
2020-04-06 12:00:00,1.23112,1.22598,1.23207,1.22494,1.23131,1.22618,1.23218,1.22507,71118
2020-04-06 15:00:00,1.22598,1.23153,1.23188,1.2254,1.22618,1.23174,1.23205,1.22557,55352
2020-04-06 18:00:00,1.23153,1.22296,1.23167,1.22138,1.23174,1.2233,1.23185,1.22157,51534
2020-04-06 21:00:00,1.22296,1.22306,1.22495,1.21629,1.2233,1.22331,1.22514,1.21679,20753
2020-04-07 00:00:00,1.22306,1.22624,1.22735,1.22171,1.22331,1.22653,1.22764,1.22196,21756
2020-04-07 03:00:00,1.22624,1.22769,1.22968,1.22502,1.22653,1.228,1.22986,1.22527,18082
2020-04-07 06:00:00,1.22769,1.23266,1.23492,1.22731,1.228,1.23289,1.23511,1.22753,67065
2020-04-07 09:00:00,1.23266,1.23468,1.23569,1.22813,1.23289,1.23488,1.23594,1.22828,76075
2020-04-07 12:00:00,1.23468,1.23024,1.23836,1.22925,1.23488,1.23038,1.23855,1.22943,84101
2020-04-07 15:00:00,1.23024,1.23457,1.23468,1.23001,1.23038,1.23477,1.23487,1.23019,71156
2020-04-07 18:00:00,1.23457,1.23267,1.23563,1.23251,1.23477,1.23378,1.23581,1.23341,35099
2020-04-07 21:00:00,1.23267,1.23355,1.23524,1.23262,1.23378,1.23379,1.23547,1.23337,8760
2020-04-08 00:00:00,1.23355,1.23149,1.234,1.23129,1.23379,1.23177,1.23418,1.23153,16906
2020-04-08 03:00:00,1.23149,1.23401,1.23419,1.23095,1.23177,1.2342,1.23441,1.23106,12186
2020-04-08 06:00:00,1.23401,1.23046,1.23421,1.22873,1.2342,1.23066,1.23439,1.22889,51255
2020-04-08 09:00:00,1.23046,1.23582,1.23744,1.23048,1.23066,1.23602,1.23759,1.23066,52195
2020-04-08 12:00:00,1.23582,1.23769,1.23965,1.23518,1.23602,1.23787,1.23981,1.23537,71574
2020-04-08 15:00:00,1.23769,1.23981,1.24194,1.23766,1.23787,1.24022,1.24209,1.23781,57262
2020-04-08 18:00:00,1.23981,1.23774,1.24077,1.23696,1.24022,1.23903,1.24095,1.2371,25892
2020-04-08 21:00:00,1.23774,1.23899,1.23929,1.23745,1.23903,1.23923,1.2403,1.23821,9716
2020-04-09 00:00:00,1.23899,1.23901,1.24183,1.23862,1.23923,1.23927,1.24205,1.23884,22812
2020-04-09 03:00:00,1.23901,1.23644,1.24018,1.23625,1.23927,1.23696,1.24039,1.23652,11868
2020-04-09 06:00:00,1.23644,1.24034,1.24107,1.23599,1.23696,1.24054,1.24125,1.23617,46783
2020-04-09 09:00:00,1.24034,1.24135,1.24473,1.23999,1.24054,1.24151,1.24489,1.24017,54498
2020-04-09 12:00:00,1.24135,1.2469,1.24799,1.2399,1.24151,1.24707,1.24815,1.2402,80629
2020-04-09 15:00:00,1.2469,1.24804,1.24834,1.244,1.24707,1.24823,1.24845,1.24417,64207
2020-04-09 18:00:00,1.24804,1.24572,1.24811,1.2443,1.24823,1.24701,1.24828,1.24445,51780
2020-04-09 21:00:00,1.24572,1.24501,1.2478,1.24445,1.24701,1.24597,1.2483,1.24516,13091
2020-04-10 00:00:00,1.24501,1.2462,1.24632,1.24441,1.24597,1.24653,1.24664,1.24485,10312
2020-04-10 03:00:00,1.2462,1.24623,1.24699,1.24583,1.24653,1.24644,1.24772,1.24621,5063
2020-04-10 06:00:00,1.24623,1.24714,1.2478,1.24575,1.24644,1.24753,1.24826,1.2463,7458
2020-04-10 09:00:00,1.24714,1.24794,1.24859,1.24697,1.24753,1.24837,1.24892,1.24736,6939
2020-04-10 12:00:00,1.24794,1.24717,1.24837,1.24681,1.24837,1.24751,1.2487,1.24701,7788
2020-04-10 15:00:00,1.24717,1.24709,1.24829,1.24694,1.24751,1.24779,1.24874,1.24751,6496
2020-04-10 18:00:00,1.24709,1.24649,1.24796,1.24614,1.24779,1.24777,1.24856,1.2469,4307
2020-04-12 18:00:00,1.24649,1.24578,1.24494,1.24382,1.24777,1.24717,1.24594,1.24487,31
2020-04-12 21:00:00,1.24485,1.24582,1.24716,1.24485,1.24594,1.24608,1.24747,1.24564,8102
2020-04-13 00:00:00,1.24582,1.246,1.24709,1.2452,1.24608,1.24623,1.24731,1.24549,13458
2020-04-13 03:00:00,1.246,1.24699,1.24804,1.24597,1.24623,1.24724,1.24826,1.24622,6104
2020-04-13 06:00:00,1.24699,1.2512,1.25359,1.24687,1.24724,1.25146,1.25379,1.24706,33412
2020-04-13 09:00:00,1.2512,1.24942,1.25153,1.24742,1.25146,1.24959,1.25175,1.24764,23162
2020-04-13 12:00:00,1.24942,1.25025,1.25097,1.24775,1.24959,1.25043,1.25116,1.24795,35614
2020-04-13 15:00:00,1.25025,1.25264,1.2531,1.24994,1.25043,1.2528,1.25329,1.2501,29898
2020-04-13 18:00:00,1.25264,1.24999,1.25311,1.24999,1.2528,1.2507,1.25332,1.25028,20533
2020-04-13 21:00:00,1.24999,1.25197,1.25282,1.25007,1.2507,1.25216,1.253,1.2505,6063
2020-04-14 00:00:00,1.25197,1.25581,1.25626,1.25092,1.25216,1.25595,1.2565,1.25103,20816
2020-04-14 03:00:00,1.25581,1.25597,1.25735,1.25549,1.25595,1.25614,1.25754,1.2557,12330
2020-04-14 06:00:00,1.25597,1.25602,1.25759,1.25368,1.25614,1.25619,1.25775,1.25386,48243
2020-04-14 09:00:00,1.25602,1.25616,1.25649,1.2523,1.25619,1.25633,1.25669,1.2525,52061
2020-04-14 12:00:00,1.25616,1.25928,1.26058,1.25525,1.25633,1.25943,1.26073,1.25541,67701
2020-04-14 15:00:00,1.25928,1.26426,1.26445,1.25705,1.25943,1.26446,1.26461,1.25724,54245
2020-04-14 18:00:00,1.26426,1.26192,1.2647,1.26179,1.26446,1.26308,1.26487,1.26202,30412
2020-04-14 21:00:00,1.26192,1.2624,1.26299,1.26168,1.26308,1.2626,1.26323,1.26211,4681
2020-04-15 00:00:00,1.2624,1.26064,1.26241,1.26042,1.2626,1.26084,1.26261,1.2606,10797
2020-04-15 03:00:00,1.26064,1.25892,1.26104,1.25885,1.26084,1.2591,1.26123,1.25902,8126
2020-04-15 06:00:00,1.25892,1.25144,1.25949,1.24978,1.2591,1.25162,1.25968,1.24995,52457
2020-04-15 09:00:00,1.25144,1.24857,1.25343,1.24847,1.25162,1.24873,1.25359,1.24864,57187
2020-04-15 12:00:00,1.24857,1.24967,1.25122,1.24367,1.24873,1.24986,1.25138,1.24382,76734
2020-04-15 15:00:00,1.24967,1.25422,1.25483,1.24886,1.24986,1.25439,1.25503,1.24905,66445
2020-04-15 18:00:00,1.25422,1.25121,1.25745,1.25121,1.25439,1.25261,1.2576,1.25209,34841
2020-04-15 21:00:00,1.25121,1.25179,1.2526,1.2511,1.25261,1.25191,1.25334,1.25146,5021
2020-04-16 00:00:00,1.25179,1.24832,1.25244,1.24699,1.25191,1.24849,1.25262,1.24722,25477
2020-04-16 03:00:00,1.24832,1.24826,1.24914,1.24597,1.24849,1.24843,1.24932,1.24619,16841
2020-04-16 06:00:00,1.24826,1.24846,1.25141,1.24677,1.24843,1.24862,1.2516,1.24696,59370
2020-04-16 09:00:00,1.24846,1.24825,1.24991,1.24562,1.24862,1.24835,1.25006,1.2458,48819
2020-04-16 12:00:00,1.24825,1.24498,1.25142,1.24433,1.24835,1.24515,1.25156,1.24447,72079
2020-04-16 15:00:00,1.24498,1.2445,1.24518,1.24074,1.24515,1.24467,1.24535,1.24092,65967
2020-04-16 18:00:00,1.2445,1.24529,1.24622,1.24396,1.24467,1.24611,1.24639,1.24411,34628
2020-04-16 21:00:00,1.24529,1.24866,1.24936,1.24492,1.24611,1.24893,1.2496,1.24538,13570
2020-04-17 00:00:00,1.24866,1.25077,1.25218,1.24804,1.24893,1.25099,1.2524,1.24833,17533
2020-04-17 03:00:00,1.25077,1.24873,1.25093,1.24862,1.25099,1.24895,1.25114,1.24873,10378
2020-04-17 06:00:00,1.24873,1.24397,1.24988,1.24246,1.24895,1.24417,1.25004,1.24262,63091
2020-04-17 09:00:00,1.24397,1.24777,1.24828,1.24063,1.24417,1.24794,1.24843,1.24079,59500
2020-04-17 12:00:00,1.24777,1.25044,1.25114,1.24693,1.24794,1.25056,1.25135,1.24714,75039
2020-04-17 15:00:00,1.25044,1.25072,1.25167,1.24866,1.25056,1.25087,1.25183,1.24881,50609
2020-04-17 18:00:00,1.25072,1.24964,1.25096,1.24787,1.25087,1.25082,1.25113,1.24809,29800
2020-04-19 18:00:00,1.24964,1.24973,1.24962,1.24864,1.25082,1.25043,1.25025,1.25016,6
2020-04-19 21:00:00,1.24961,1.24844,1.24992,1.24844,1.25016,1.24862,1.25088,1.24861,4160
2020-04-20 00:00:00,1.24844,1.24776,1.24897,1.24753,1.24862,1.24794,1.2491,1.24769,13457
2020-04-20 03:00:00,1.24776,1.24589,1.24836,1.24547,1.24794,1.24605,1.24851,1.24565,12997
2020-04-20 06:00:00,1.24589,1.24591,1.2471,1.24333,1.24605,1.24611,1.24725,1.24348,43170
2020-04-20 09:00:00,1.24591,1.24391,1.24916,1.24343,1.24611,1.24407,1.24929,1.24358,45473
2020-04-20 12:00:00,1.24391,1.24726,1.24862,1.24157,1.24407,1.24738,1.24877,1.2417,58218
2020-04-20 15:00:00,1.24726,1.2461,1.24788,1.2449,1.24738,1.24626,1.24802,1.24506,40079
2020-04-20 18:00:00,1.2461,1.24305,1.24665,1.24287,1.24626,1.2444,1.24679,1.24301,28704
2020-04-20 21:00:00,1.24305,1.24394,1.24436,1.24261,1.2444,1.24412,1.24543,1.24366,5371
2020-04-21 00:00:00,1.24394,1.23991,1.24413,1.23883,1.24412,1.24008,1.24428,1.23902,21222
2020-04-21 03:00:00,1.23991,1.24063,1.24093,1.23953,1.24008,1.24083,1.2411,1.23971,13829
2020-04-21 06:00:00,1.24063,1.23944,1.24209,1.23811,1.24083,1.23964,1.24223,1.23828,45673
2020-04-21 09:00:00,1.23944,1.22994,1.23983,1.22955,1.23964,1.2301,1.24005,1.22973,62123
2020-04-21 12:00:00,1.22994,1.22722,1.23359,1.22662,1.2301,1.22736,1.23373,1.2268,76807
2020-04-21 15:00:00,1.22722,1.22766,1.22966,1.22466,1.22736,1.22781,1.22979,1.22481,65500
2020-04-21 18:00:00,1.22766,1.22892,1.23088,1.22735,1.22781,1.23039,1.23106,1.2275,40653
2020-04-21 21:00:00,1.22892,1.23002,1.23045,1.22863,1.23039,1.23021,1.23091,1.22947,5014
2020-04-22 00:00:00,1.23002,1.22914,1.23035,1.228,1.23021,1.22936,1.23055,1.22815,23504
2020-04-22 03:00:00,1.22914,1.22955,1.23012,1.2274,1.22936,1.22981,1.23028,1.22757,14183
2020-04-22 06:00:00,1.22955,1.23372,1.23432,1.22877,1.22981,1.23393,1.23447,1.22895,55471
2020-04-22 09:00:00,1.23372,1.23711,1.2385,1.23357,1.23393,1.23728,1.23866,1.23373,41353
2020-04-22 12:00:00,1.23711,1.23278,1.23741,1.23105,1.23728,1.23293,1.23756,1.23121,61287
2020-04-22 15:00:00,1.23278,1.2308,1.23436,1.22999,1.23293,1.23097,1.23449,1.23013,42167
2020-04-22 18:00:00,1.2308,1.23324,1.23334,1.2305,1.23097,1.23353,1.23363,1.23066,23038
2020-04-22 21:00:00,1.23324,1.23213,1.23435,1.23188,1.23353,1.23233,1.23454,1.23209,8111
2020-04-23 00:00:00,1.23213,1.23304,1.23384,1.23125,1.23233,1.23322,1.23402,1.23138,16876
2020-04-23 03:00:00,1.23304,1.23603,1.23689,1.23218,1.23322,1.23625,1.23708,1.23234,15931
2020-04-23 06:00:00,1.23603,1.23504,1.23749,1.23072,1.23625,1.23519,1.23764,1.23089,62478
2020-04-23 09:00:00,1.23504,1.23446,1.23743,1.23339,1.23519,1.2346,1.23759,1.23357,55227
2020-04-23 12:00:00,1.23446,1.23858,1.24141,1.23228,1.2346,1.23877,1.2416,1.23246,84409
2020-04-23 15:00:00,1.23858,1.23399,1.24053,1.23326,1.23877,1.23418,1.24067,1.23342,67210
2020-04-23 18:00:00,1.23399,1.23434,1.23583,1.23378,1.23418,1.23464,1.23599,1.23395,34800
2020-04-23 21:00:00,1.23434,1.23512,1.23548,1.23368,1.23464,1.23527,1.23652,1.2345,5115
2020-04-24 00:00:00,1.23512,1.23508,1.23587,1.23396,1.23527,1.23525,1.23601,1.23414,13298
2020-04-24 03:00:00,1.23508,1.23359,1.23601,1.23306,1.23525,1.23389,1.23618,1.23324,12060
2020-04-24 06:00:00,1.23359,1.23154,1.23363,1.22974,1.23389,1.23169,1.23392,1.22991,54292
2020-04-24 09:00:00,1.23154,1.23475,1.23766,1.2313,1.23169,1.23491,1.23782,1.23145,54986
2020-04-24 12:00:00,1.23475,1.23367,1.23628,1.23202,1.23491,1.23384,1.23644,1.23218,66629
2020-04-24 15:00:00,1.23367,1.23476,1.23508,1.23182,1.23384,1.23494,1.23523,1.23201,41752
2020-04-24 18:00:00,1.23476,1.23603,1.23722,1.23437,1.23494,1.23726,1.23776,1.23453,25699
2020-04-26 18:00:00,1.23603,1.2364,1.23651,1.23557,1.23726,1.2371,1.23755,1.23698,35
2020-04-26 21:00:00,1.23604,1.23663,1.23683,1.23604,1.23715,1.23678,1.23755,1.23643,4937
2020-04-27 00:00:00,1.23663,1.23858,1.24076,1.23589,1.23678,1.23879,1.24101,1.23606,22251
2020-04-27 03:00:00,1.23858,1.24423,1.24469,1.23841,1.23879,1.24445,1.24484,1.23863,19549
2020-04-27 06:00:00,1.24423,1.24329,1.24539,1.24147,1.24445,1.24345,1.24557,1.24161,44775
2020-04-27 09:00:00,1.24329,1.24369,1.24493,1.24164,1.24345,1.24384,1.24509,1.24174,40906
2020-04-27 12:00:00,1.24369,1.24079,1.24446,1.23983,1.24384,1.24095,1.24463,1.23998,52105
2020-04-27 15:00:00,1.24079,1.24145,1.24224,1.24008,1.24095,1.2416,1.24238,1.2402,44153
2020-04-27 18:00:00,1.24145,1.24265,1.24317,1.24132,1.2416,1.24343,1.2435,1.24147,20828
2020-04-27 21:00:00,1.24265,1.24206,1.24296,1.2416,1.24343,1.24222,1.24366,1.24214,8257
2020-04-28 00:00:00,1.24206,1.24155,1.24351,1.24116,1.24222,1.24172,1.24368,1.24136,17033
2020-04-28 03:00:00,1.24155,1.2422,1.24245,1.24057,1.24172,1.24238,1.24261,1.24074,13986
2020-04-28 06:00:00,1.2422,1.24671,1.24777,1.2403,1.24238,1.24687,1.24793,1.24049,52603
2020-04-28 09:00:00,1.24671,1.24949,1.25177,1.24515,1.24687,1.24967,1.25194,1.24526,51986
2020-04-28 12:00:00,1.24949,1.24358,1.25052,1.24281,1.24967,1.24373,1.25066,1.24294,59300
2020-04-28 15:00:00,1.24358,1.24426,1.24479,1.24198,1.24373,1.24446,1.24496,1.24214,40740
2020-04-28 18:00:00,1.24426,1.24208,1.24528,1.24197,1.24446,1.24273,1.24544,1.24212,23258
2020-04-28 21:00:00,1.24208,1.24339,1.2435,1.2417,1.24273,1.24356,1.24369,1.24251,6631
2020-04-29 00:00:00,1.24339,1.24748,1.24775,1.24302,1.24356,1.24765,1.24791,1.24319,18222
2020-04-29 03:00:00,1.24748,1.24815,1.24847,1.24636,1.24765,1.24833,1.24865,1.24654,15624
2020-04-29 06:00:00,1.24815,1.24401,1.24823,1.2432,1.24833,1.2442,1.24842,1.24336,44940
2020-04-29 09:00:00,1.24401,1.23949,1.24436,1.23884,1.2442,1.23967,1.24452,1.23897,37274
2020-04-29 12:00:00,1.23949,1.24336,1.24509,1.23914,1.23967,1.24352,1.24523,1.23931,56067
2020-04-29 15:00:00,1.24336,1.24423,1.24519,1.24208,1.24352,1.24484,1.24537,1.24223,35793
2020-04-29 18:00:00,1.24423,1.24666,1.2471,1.24411,1.24484,1.2472,1.24736,1.24466,47038
2020-04-29 21:00:00,1.24666,1.24692,1.24822,1.24561,1.2472,1.24712,1.24875,1.24648,6098
2020-04-30 00:00:00,1.24692,1.24506,1.24694,1.2428,1.24712,1.24524,1.24713,1.24298,14709
2020-04-30 03:00:00,1.24506,1.24786,1.24811,1.24462,1.24524,1.24804,1.24829,1.24479,13860
2020-04-30 06:00:00,1.24786,1.24724,1.24792,1.24401,1.24804,1.2474,1.24809,1.24418,46467
2020-04-30 09:00:00,1.24724,1.25137,1.2528,1.24723,1.2474,1.25154,1.25297,1.24738,50223
2020-04-30 12:00:00,1.25137,1.26119,1.26158,1.2475,1.25154,1.26128,1.2617,1.24767,96741
2020-04-30 15:00:00,1.26119,1.25857,1.26426,1.25637,1.26128,1.25871,1.26442,1.25653,91122
2020-04-30 18:00:00,1.25857,1.25901,1.26043,1.25794,1.25871,1.26,1.26056,1.25811,30627
2020-04-30 21:00:00,1.25901,1.258,1.25992,1.25722,1.26,1.2582,1.26041,1.25742,11814
2020-05-01 00:00:00,1.258,1.25644,1.2581,1.25507,1.2582,1.2566,1.25827,1.25523,20269
2020-05-01 03:00:00,1.25644,1.25576,1.25796,1.25511,1.2566,1.25588,1.25812,1.25525,16532
2020-05-01 06:00:00,1.25576,1.2561,1.25674,1.25326,1.25588,1.25629,1.2569,1.25345,41373
2020-05-01 09:00:00,1.2561,1.25332,1.25736,1.25257,1.25629,1.25343,1.25754,1.25275,36369
2020-05-01 12:00:00,1.25332,1.25442,1.25627,1.25116,1.25343,1.25457,1.25645,1.25131,62760
2020-05-01 15:00:00,1.25442,1.24893,1.25446,1.24861,1.25457,1.24911,1.25461,1.24877,49266
2020-05-01 18:00:00,1.24893,1.24868,1.25111,1.24823,1.24911,1.24991,1.25128,1.2484,27029
2020-05-03 18:00:00,1.24868,1.24805,1.24982,1.24795,1.24991,1.24867,1.25097,1.24852,71
2020-05-03 21:00:00,1.24834,1.24545,1.24861,1.2449,1.24894,1.24565,1.24896,1.24506,11658
2020-05-04 00:00:00,1.24545,1.24617,1.24628,1.24426,1.24565,1.24634,1.24645,1.24438,17696
2020-05-04 03:00:00,1.24617,1.2435,1.24679,1.24305,1.24634,1.24367,1.24696,1.2432,13490
2020-05-04 06:00:00,1.2435,1.24322,1.2476,1.24235,1.24367,1.24339,1.24774,1.2425,53722
2020-05-04 09:00:00,1.24322,1.24395,1.24435,1.24046,1.24339,1.24411,1.24448,1.24062,43982
2020-05-04 12:00:00,1.24395,1.24202,1.24501,1.24151,1.24411,1.24218,1.24517,1.24164,63474
2020-05-04 15:00:00,1.24202,1.24371,1.24416,1.24105,1.24218,1.24388,1.2443,1.24122,42442
2020-05-04 18:00:00,1.24371,1.24423,1.24464,1.24337,1.24388,1.24441,1.24479,1.24353,24684
2020-05-04 21:00:00,1.24423,1.24438,1.24482,1.24331,1.24441,1.24453,1.24577,1.24368,6309
2020-05-05 00:00:00,1.24438,1.24596,1.24681,1.24438,1.24453,1.24609,1.24694,1.24453,14048
2020-05-05 03:00:00,1.24596,1.24691,1.2471,1.24566,1.24609,1.24706,1.24723,1.24578,12358
2020-05-05 06:00:00,1.24691,1.24312,1.2483,1.24197,1.24706,1.24332,1.24848,1.24213,64012
2020-05-05 09:00:00,1.24312,1.24482,1.24662,1.24277,1.24332,1.24499,1.24678,1.24293,63736
2020-05-05 12:00:00,1.24482,1.24534,1.24805,1.24391,1.24499,1.2455,1.24817,1.24406,66216
2020-05-05 15:00:00,1.24534,1.24407,1.24569,1.24297,1.2455,1.24421,1.24582,1.24309,34730
2020-05-05 18:00:00,1.24407,1.24303,1.24529,1.24285,1.24421,1.24376,1.24543,1.24337,23944
2020-05-05 21:00:00,1.24303,1.2443,1.24463,1.24276,1.24376,1.24449,1.24483,1.24375,8504
2020-05-06 00:00:00,1.2443,1.24384,1.24492,1.24262,1.24449,1.24398,1.24509,1.24278,18619
2020-05-06 03:00:00,1.24384,1.24346,1.24394,1.24245,1.24398,1.24361,1.24406,1.24261,13953
2020-05-06 06:00:00,1.24346,1.23737,1.24497,1.23578,1.24361,1.23757,1.24511,1.23592,52352
2020-05-06 09:00:00,1.23737,1.23878,1.23908,1.23643,1.23757,1.23897,1.23923,1.23661,35324
2020-05-06 12:00:00,1.23878,1.23606,1.23925,1.23434,1.23897,1.23625,1.23943,1.23448,55691
2020-05-06 15:00:00,1.23606,1.23578,1.23664,1.23343,1.23625,1.23593,1.23681,1.23358,34700
2020-05-06 18:00:00,1.23578,1.23371,1.2358,1.23358,1.23593,1.23494,1.23595,1.23373,18695
2020-05-06 21:00:00,1.23371,1.23235,1.23439,1.23215,1.23494,1.23253,1.23538,1.2323,6794
2020-05-07 00:00:00,1.23235,1.2326,1.2332,1.23099,1.23253,1.23275,1.23337,1.23113,15767
2020-05-07 03:00:00,1.2326,1.23304,1.23346,1.23177,1.23275,1.23346,1.23359,1.23194,11434
2020-05-07 06:00:00,1.23304,1.23582,1.24177,1.2328,1.23346,1.23596,1.24191,1.2333,52432
2020-05-07 09:00:00,1.23582,1.23469,1.23826,1.23337,1.23596,1.23486,1.23842,1.23352,47927
2020-05-07 12:00:00,1.23469,1.22847,1.23607,1.22654,1.23486,1.22865,1.23626,1.2267,59364
2020-05-07 15:00:00,1.22847,1.23722,1.23758,1.22825,1.22865,1.23741,1.23774,1.22842,46815
2020-05-07 18:00:00,1.23722,1.23544,1.23778,1.23507,1.23741,1.23699,1.23794,1.23525,22207
2020-05-07 21:00:00,1.23544,1.23728,1.23777,1.23478,1.23699,1.23747,1.23798,1.23587,7848
2020-05-08 00:00:00,1.23728,1.24006,1.24079,1.23699,1.23747,1.24023,1.24097,1.23716,21144
2020-05-08 03:00:00,1.24006,1.23955,1.24019,1.23816,1.24023,1.23971,1.24037,1.23832,13114
2020-05-08 06:00:00,1.23955,1.23935,1.23983,1.23754,1.23971,1.23951,1.24001,1.2377,22855
2020-05-08 09:00:00,1.23935,1.23809,1.23965,1.23682,1.23951,1.23827,1.23981,1.23699,20431
2020-05-08 12:00:00,1.23809,1.24529,1.24667,1.23556,1.23827,1.24538,1.24679,1.23572,61049
2020-05-08 15:00:00,1.24529,1.24166,1.24554,1.24146,1.24538,1.24182,1.24567,1.24162,24898
2020-05-08 18:00:00,1.24166,1.24001,1.24226,1.24,1.24182,1.24124,1.24241,1.24027,14023
2020-05-10 18:00:00,1.24144,1.23972,1.24144,1.23881,1.24154,1.2414,1.24263,1.23927,30
2020-05-10 21:00:00,1.23991,1.24158,1.24168,1.23904,1.24055,1.24175,1.24185,1.23979,8945
2020-05-11 00:00:00,1.24158,1.24298,1.2437,1.24088,1.24175,1.24314,1.24386,1.24104,19015
2020-05-11 03:00:00,1.24298,1.24141,1.24332,1.24118,1.24314,1.24159,1.24347,1.24133,11271
2020-05-11 06:00:00,1.24141,1.23706,1.24297,1.23456,1.24159,1.2372,1.24309,1.23474,44160
2020-05-11 09:00:00,1.23706,1.22913,1.23742,1.22895,1.2372,1.2293,1.23758,1.2291,40981
2020-05-11 12:00:00,1.22913,1.23573,1.23619,1.22819,1.2293,1.23591,1.23635,1.22837,60651
2020-05-11 15:00:00,1.23573,1.23377,1.23607,1.23192,1.23591,1.23391,1.23625,1.23208,47894
2020-05-11 18:00:00,1.23377,1.23314,1.23416,1.23209,1.23391,1.23413,1.23431,1.23225,29128
2020-05-11 21:00:00,1.23314,1.23307,1.2337,1.23225,1.23413,1.23323,1.23425,1.23293,9451
2020-05-12 00:00:00,1.23307,1.23156,1.23335,1.2286,1.23323,1.23171,1.23351,1.22879,29316
2020-05-12 03:00:00,1.23156,1.23299,1.23417,1.23079,1.23171,1.23316,1.23432,1.23094,22956
2020-05-12 06:00:00,1.23299,1.23203,1.23502,1.23037,1.23316,1.2322,1.23518,1.23053,50231
2020-05-12 09:00:00,1.23203,1.237,1.23714,1.2316,1.2322,1.23715,1.23728,1.23176,44730
2020-05-12 12:00:00,1.237,1.2329,1.23773,1.23045,1.23715,1.23307,1.23782,1.23059,70245
2020-05-12 15:00:00,1.2329,1.22772,1.2333,1.22661,1.23307,1.22788,1.23343,1.22675,53896
2020-05-12 18:00:00,1.22772,1.22439,1.22938,1.22434,1.22788,1.22605,1.22952,1.22563,31537
2020-05-12 21:00:00,1.22439,1.22514,1.2269,1.22439,1.22605,1.22529,1.22783,1.22516,11787
2020-05-13 00:00:00,1.22514,1.22715,1.22743,1.22504,1.22529,1.2273,1.22759,1.22519,27037
2020-05-13 03:00:00,1.22715,1.22729,1.22838,1.22567,1.2273,1.2278,1.22854,1.22581,24461
2020-05-13 06:00:00,1.22729,1.22746,1.23007,1.22627,1.2278,1.22758,1.23023,1.22642,52906
2020-05-13 09:00:00,1.22746,1.2321,1.23394,1.22648,1.22758,1.23226,1.23405,1.22664,53647
2020-05-13 12:00:00,1.2321,1.22252,1.23322,1.22217,1.23226,1.22269,1.23334,1.22231,92302
2020-05-13 15:00:00,1.22252,1.22327,1.22427,1.22095,1.22269,1.22339,1.22441,1.22107,59715
2020-05-13 18:00:00,1.22327,1.22255,1.22367,1.22134,1.22339,1.22368,1.224,1.2215,33674
2020-05-13 21:00:00,1.22255,1.22377,1.2241,1.22202,1.22368,1.22397,1.22427,1.22281,12916
2020-05-14 00:00:00,1.22377,1.22168,1.22406,1.22029,1.22397,1.22185,1.2242,1.22045,25841
2020-05-14 03:00:00,1.22168,1.21946,1.22187,1.21917,1.22185,1.21961,1.22203,1.21931,17367
2020-05-14 06:00:00,1.21946,1.22008,1.22177,1.21806,1.21961,1.22027,1.22193,1.21821,54725
2020-05-14 09:00:00,1.22008,1.21975,1.22291,1.21836,1.22027,1.21994,1.22304,1.21846,56856
2020-05-14 12:00:00,1.21975,1.21979,1.2218,1.21647,1.21994,1.21996,1.22191,1.21665,67841
2020-05-14 15:00:00,1.21979,1.21913,1.22108,1.21779,1.21996,1.21928,1.22123,1.21794,56062
2020-05-14 18:00:00,1.21913,1.22217,1.2232,1.21874,1.21928,1.22332,1.22357,1.21892,39903
2020-05-14 21:00:00,1.22217,1.22327,1.22348,1.22102,1.22332,1.2234,1.22365,1.22237,12592
2020-05-15 00:00:00,1.22327,1.22096,1.22385,1.22021,1.2234,1.22112,1.22401,1.22036,27894
2020-05-15 03:00:00,1.22096,1.22091,1.22177,1.22042,1.22112,1.22107,1.22194,1.22058,20641
2020-05-15 06:00:00,1.22091,1.22042,1.22248,1.21866,1.22107,1.22059,1.2226,1.2188,47226
2020-05-15 09:00:00,1.22042,1.21605,1.22187,1.21597,1.22059,1.21624,1.22202,1.21617,53770
